FrontText,BackText,Comment,FrontTextLanguage,BackTextLanguage
"愛","cinta","あい",ja-JP,
"～kali","～回","かい",id-ID,ja-JP
"～kerang","～貝","かい",id-ID,ja-JP
"～ bulan","～月","つき げつ がつ",id-ID,ja-JP
"～ samping","側","かわ がわ",id-ID,ja-JP
"～Kilometer","～キロメートル","ItoJ",id-ID,ja-JP
"～ tentang / tentang","～くらい／ぐらい","ItoJ",id-ID,ja-JP
"～ gram","～グラム","ItoJ",id-ID,ja-JP
"～anak","子","こ",id-ID,ja-JP
"～bahasa","～語","ご",id-ID,ja-JP
"～Kapan","～いつ","ItoJ",id-ID,ja-JP
"～Satsu","～冊","さつ
hitungan jumlah buku",id-ID,ja-JP
"～saudara/saudari","～さん","ItoJ",id-ID,ja-JP
"～huruf","～字","じ",id-ID,ja-JP
"～waktu","～時間","じかん",id-ID,ja-JP
"～senjata","～銃","じゅう",id-ID,ja-JP
"～kebiasaan","習慣","しゅうかん",id-ID,ja-JP
"～orang","人","じん ひと にん",id-ID,ja-JP
"～besar","～大きい","おおきい",id-ID,ja-JP
"～hanya","～だけ","ItoJ",id-ID,ja-JP
"～mereka","～たち","ItoJ",id-ID,ja-JP
"～derajat (suhu)","度","ど",id-ID,ja-JP
"～waktu","～時","とき",id-ID,ja-JP
"～dan lain lain","～など","ItoJ",id-ID,ja-JP
"～orang","～人","にん",id-ID,ja-JP
"～tahun","~年","ねん",id-ID,ja-JP
"～Ya","～はい","ItoJ",id-ID,ja-JP
"～stempel","～判","はん",id-ID,ja-JP
"～malam","～晩","ばん",id-ID,ja-JP
"～jumlah hitungan hewan kecil","～匹","ひき びき",id-ID,ja-JP
"～Hmm","～ふん","ItoJ",id-ID,ja-JP
"～hukum","～ほう","ItoJ",id-ID,ja-JP
"～buku","～ほん","ItoJ",id-ID,ja-JP
"～menari","～まい","ItoJ",id-ID,ja-JP
"～ meteran","～メートル","ItoJ",id-ID,ja-JP
"～makanan","～りょうり","ItoJ",id-ID,ja-JP
"(demi","（お）さけ","ItoJ",id-ID,ja-JP
"ah","ああ","ItoJ",id-ID,ja-JP
"es krim","アイスクリーム","ItoJ",id-ID,ja-JP
"di antara","あいだ","ItoJ",id-ID,ja-JP
"cocok","あう","ItoJ",id-ID,ja-JP
"biru","あお","ItoJ",id-ID,ja-JP
"Biru","あおい","ItoJ",id-ID,ja-JP
"merah","あか","ItoJ",id-ID,ja-JP
"Merah","あかい","ItoJ",id-ID,ja-JP
"Terang","あかるい","ItoJ",id-ID,ja-JP
"ruang bebas","あき","ItoJ",id-ID,ja-JP
"kejahatan","あく","ItoJ",id-ID,ja-JP
"membuka","あける","ItoJ",id-ID,ja-JP
"memberi","あげる","ItoJ",id-ID,ja-JP
"Pagi","あさ","ItoJ",id-ID,ja-JP
"sarapan","あさごはん","ItoJ",id-ID,ja-JP
"Lusa","あさって","ItoJ",id-ID,ja-JP
"kaki","あし","ItoJ",id-ID,ja-JP
"besok","あした","ItoJ",id-ID,ja-JP
"di sana","あそこ","ItoJ",id-ID,ja-JP
"bermain","あそぶ","ItoJ",id-ID,ja-JP
"hangat","あたたかい","ItoJ",id-ID,ja-JP
"kepala","あたま","ItoJ",id-ID,ja-JP
"baru","あたらしい","ItoJ",id-ID,ja-JP
"di sana","あちら","ItoJ",id-ID,ja-JP
"panas","あつい","ItoJ",id-ID,ja-JP
"panas","あつい","ItoJ",id-ID,ja-JP
"di sana","あっち","ItoJ",id-ID,ja-JP
"hal lain","あと","ItoJ",id-ID,ja-JP
"Anda","あなた","ItoJ",id-ID,ja-JP
"Ani","あに","ItoJ",id-ID,ja-JP
"animasi","アニメ","ItoJ",id-ID,ja-JP
"Saudari","あね","ItoJ",id-ID,ja-JP
"itu","あの","ItoJ",id-ID,ja-JP
"Permisi)","あの（う）","ItoJ",id-ID,ja-JP
"Apartemen","アパート","ItoJ",id-ID,ja-JP
"Biru","あびる","ItoJ",id-ID,ja-JP
"Peringatan","あぶない","ItoJ",id-ID,ja-JP
"manis","あまい","ItoJ",id-ID,ja-JP
"tidak banyak","あまり","ItoJ",id-ID,ja-JP
"permen","あめ","ItoJ",id-ID,ja-JP
"mencuci","あらう","ItoJ",id-ID,ja-JP
"menjadi","ある","ItoJ",id-ID,ja-JP
"Berjalan","あるく","ItoJ",id-ID,ja-JP
"kerja paruh waktu","アルバイト","ItoJ",id-ID,ja-JP
"itu","あれ","ItoJ",id-ID,ja-JP
"Bagus","いい","ItoJ",id-ID,ja-JP
"E (e・E) surat","イー（e・E）メール","ItoJ",id-ID,ja-JP
"TIDAK","いいえ","ItoJ",id-ID,ja-JP
"mengatakan","いう","ItoJ",id-ID,ja-JP
"Rumah","家","ItoJ",id-ID,ja-JP
"pergi","いく","ItoJ",id-ID,ja-JP
"berapa banyak","いくつ","ItoJ",id-ID,ja-JP
"ikura","いくら","ItoJ",id-ID,ja-JP
"Ike","いけ","ItoJ",id-ID,ja-JP
"Isha","いしゃ","ItoJ",id-ID,ja-JP
"Kursi","いす","ItoJ",id-ID,ja-JP
"Sibuk","いそがしい","ItoJ",id-ID,ja-JP
"Aduh","いたい","ItoJ",id-ID,ja-JP
"satu","一","ItoJ",id-ID,ja-JP
"Satu hari","いちにち","ItoJ",id-ID,ja-JP
"nomor satu","いちばん","ItoJ",id-ID,ja-JP
"Kapan","いつ","ItoJ",id-ID,ja-JP
"Kadang-kadang","いつか","ItoJ",id-ID,ja-JP
"bersama","いっしょに","ItoJ",id-ID,ja-JP
"Lima","五つ","ItoJ",id-ID,ja-JP
"setiap saat","いつも","ItoJ",id-ID,ja-JP
"anjing","いぬ","ItoJ",id-ID,ja-JP
"Sekarang","今","ItoJ",id-ID,ja-JP
"arti","いみ","ItoJ",id-ID,ja-JP
"Saudari","いもうと","ItoJ",id-ID,ja-JP
"TIDAK","いや","ItoJ",id-ID,ja-JP
"pintu masuk","いりぐち","ItoJ",id-ID,ja-JP
"ada","いる","ItoJ",id-ID,ja-JP
"masukkan","いれる","ItoJ",id-ID,ja-JP
"warna","いろ","ItoJ",id-ID,ja-JP
"bermacam-macam","いろいろ","ItoJ",id-ID,ja-JP
"internet","インターネット","ItoJ",id-ID,ja-JP
"TIDAK","ううん","ItoJ",id-ID,ja-JP
"Ke atas","うえ","ItoJ",id-ID,ja-JP
"sapi","うし","ItoJ",id-ID,ja-JP
"Di belakang","うしろ","ItoJ",id-ID,ja-JP
"tipis","うすい","ItoJ",id-ID,ja-JP
"lagu","うた","ItoJ",id-ID,ja-JP
"menyanyi","うたう","ItoJ",id-ID,ja-JP
"rumah","うち","ItoJ",id-ID,ja-JP
"cantik","うつくしい","ItoJ",id-ID,ja-JP
"dilahirkan","うまれる","ItoJ",id-ID,ja-JP
"laut","うみ","ItoJ",id-ID,ja-JP
"menjual","うる","ItoJ",id-ID,ja-JP
"bising","うるさい","ItoJ",id-ID,ja-JP
"senang","うれしい","ItoJ",id-ID,ja-JP
"jaket","うわぎ","ItoJ",id-ID,ja-JP
"Ya","うん","ItoJ",id-ID,ja-JP
"gambar","え","ItoJ",id-ID,ja-JP
"pendingin ruangan","エアコン","ItoJ",id-ID,ja-JP
"film","えいが","ItoJ",id-ID,ja-JP
"film","えいがかん","ItoJ",id-ID,ja-JP
"bahasa inggris","えいご","ItoJ",id-ID,ja-JP
"Ya","ええ","ItoJ",id-ID,ja-JP
"stasiun","えき","ItoJ",id-ID,ja-JP
"Pilih","えらぶ","ItoJ",id-ID,ja-JP
"tangga berjalan","エレベーター","ItoJ",id-ID,ja-JP
"lingkaran","円","ItoJ",id-ID,ja-JP
"Pensil","えんぴつ","ItoJ",id-ID,ja-JP
"lezat","おいしい","ItoJ",id-ID,ja-JP
"Ups","おおい","ItoJ",id-ID,ja-JP
"besar","おおきい","ItoJ",id-ID,ja-JP
"banyak","おおぜい","ItoJ",id-ID,ja-JP
"ibu","お母さん","ItoJ",id-ID,ja-JP
"Permen","おかし","ItoJ",id-ID,ja-JP
"uang","お金","ItoJ",id-ID,ja-JP
"Terjadi","おきる","ItoJ",id-ID,ja-JP
"kembali","おく","ItoJ",id-ID,ja-JP
"istri","おくさん","ItoJ",id-ID,ja-JP
"Osara","おさら","ItoJ",id-ID,ja-JP
"paman)","おじ（さん）","ItoJ",id-ID,ja-JP
"pria tua","おじいさん","ItoJ",id-ID,ja-JP
"mengajar","おしえる","ItoJ",id-ID,ja-JP
"Dorongan","おす","ItoJ",id-ID,ja-JP
"terlambat","おそい","ItoJ",id-ID,ja-JP
"teh","お茶","ItoJ",id-ID,ja-JP
"kamar kecil","おてあらい","ItoJ",id-ID,ja-JP
"ayah","お父さん","ItoJ",id-ID,ja-JP
"Saudara laki-laki","おとうと","ItoJ",id-ID,ja-JP
"pria","おとこ","ItoJ",id-ID,ja-JP
"pria (orang)","おとこのこ（ひと）","ItoJ",id-ID,ja-JP
"Kemarin lusa","おととい","ItoJ",id-ID,ja-JP
"Tahun sebelumnya","おととし","ItoJ",id-ID,ja-JP
"dewasa","おとな","ItoJ",id-ID,ja-JP
"perut","おなか","ItoJ",id-ID,ja-JP
"sama","おなじ","ItoJ",id-ID,ja-JP
"saudara laki-laki","お兄さん","ItoJ",id-ID,ja-JP
"bola nasi","おにぎり","ItoJ",id-ID,ja-JP
"saudari","おねえさん","ItoJ",id-ID,ja-JP
"tante","おば（さん）","ItoJ",id-ID,ja-JP
"Nenek","おばあさん","ItoJ",id-ID,ja-JP
"mandi","おふろ","ItoJ",id-ID,ja-JP
"makan siang","おべんとう","ItoJ",id-ID,ja-JP
"Ingat","おぼえる","ItoJ",id-ID,ja-JP
"pikiran","おもい","ItoJ",id-ID,ja-JP
"lucu","おもしろい","ItoJ",id-ID,ja-JP
"berenang","およぐ","ItoJ",id-ID,ja-JP
"turun","おりる","ItoJ",id-ID,ja-JP
"akhir","おわる","ItoJ",id-ID,ja-JP
"musik","おんがく","ItoJ",id-ID,ja-JP
"Wanita","おんな","ItoJ",id-ID,ja-JP
"Wanita (orang)","おんなのこ（ひと）","ItoJ",id-ID,ja-JP
"negara asing","がいこく","ItoJ",id-ID,ja-JP
"perusahaan","かいしゃ","ItoJ",id-ID,ja-JP
"Kaidan","かいだん","ItoJ",id-ID,ja-JP
"barang-barang","かいもの","ItoJ",id-ID,ja-JP
"membeli","かう","ItoJ",id-ID,ja-JP
"kembali","かえす","ItoJ",id-ID,ja-JP
"mengubah","かえる","ItoJ",id-ID,ja-JP
"menghadapi","かお","ItoJ",id-ID,ja-JP
"dibutuhkan","かかる","ItoJ",id-ID,ja-JP
"Kunci","かぎ","ItoJ",id-ID,ja-JP
"menulis","かく","ItoJ",id-ID,ja-JP
"sekolah","がくせい","ItoJ",id-ID,ja-JP
"waktu","かける","ItoJ",id-ID,ja-JP
"payung","かさ","ItoJ",id-ID,ja-JP
"Meminjamkan","かす","ItoJ",id-ID,ja-JP
"dingin","かぜ","ItoJ",id-ID,ja-JP
"dingin","かぜ","ItoJ",id-ID,ja-JP
"keluarga","かぞく","ItoJ",id-ID,ja-JP
"bahu","かた","ItoJ",id-ID,ja-JP
"keras kepala","かたかな","ItoJ",id-ID,ja-JP
"sekolah","がっこう","ItoJ",id-ID,ja-JP
"Sudut","かど","ItoJ",id-ID,ja-JP
"tidak datang","かない","ItoJ",id-ID,ja-JP
"Sedih","かなしい","ItoJ",id-ID,ja-JP
"dia","かのじょ","ItoJ",id-ID,ja-JP
"tas","かばん","ItoJ",id-ID,ja-JP
"Kabin","かびん","ItoJ",id-ID,ja-JP
"memakai","かぶる","ItoJ",id-ID,ja-JP
"kertas","かみ","ItoJ",id-ID,ja-JP
"kertas","かみ","ItoJ",id-ID,ja-JP
"kamera","カメラ","ItoJ",id-ID,ja-JP
"Selasa)","火曜（日）","ItoJ",id-ID,ja-JP
"Pedas","からい","ItoJ",id-ID,ja-JP
"karaoke","カラオケ","ItoJ",id-ID,ja-JP
"tubuh","からだ","ItoJ",id-ID,ja-JP
"Meminjam","かりる","ItoJ",id-ID,ja-JP
"Garu","がる","ItoJ",id-ID,ja-JP
"lampu","かるい","ItoJ",id-ID,ja-JP
"Dia","かれ","ItoJ",id-ID,ja-JP
"Nasi kari)","カレー（ライス）","ItoJ",id-ID,ja-JP
"kalender","カレンダー","ItoJ",id-ID,ja-JP
"sungai","川","ItoJ",id-ID,ja-JP
"imut-imut","かわいい","ItoJ",id-ID,ja-JP
"karakter Cina","漢字","ItoJ",id-ID,ja-JP
"kayu","木","ItoJ",id-ID,ja-JP
"kuning","きいろ","ItoJ",id-ID,ja-JP
"kuning","きいろい","ItoJ",id-ID,ja-JP
"menghilang","きえる","ItoJ",id-ID,ja-JP
"mendengarkan","きく","ItoJ",id-ID,ja-JP
"telah datang","きた","ItoJ",id-ID,ja-JP
"gitar","ギター","ItoJ",id-ID,ja-JP
"berantakan","きたない","ItoJ",id-ID,ja-JP
"Kissaten","きっさてん","ItoJ",id-ID,ja-JP
"Memotong","きって","ItoJ",id-ID,ja-JP
"Tiket","きっぷ","ItoJ",id-ID,ja-JP
"Kemarin","きのう","ItoJ",id-ID,ja-JP
"Q/K","きゅう／く","ItoJ",id-ID,ja-JP
"penyumbatan","ぎゅうにく","ItoJ",id-ID,ja-JP
"susu","ぎゅうにゅう","ItoJ",id-ID,ja-JP
"Hari ini","きょう","ItoJ",id-ID,ja-JP
"sekolah","きょうしつ","ItoJ",id-ID,ja-JP
"saudara","きょうだい","ItoJ",id-ID,ja-JP
"tahun lalu","きょねん","ItoJ",id-ID,ja-JP
"benci","きらい","ItoJ",id-ID,ja-JP
"Memakai","きる","ItoJ",id-ID,ja-JP
"Memakai","きる","ItoJ",id-ID,ja-JP
"cantik","きれい","ItoJ",id-ID,ja-JP
"perbankan","ぎんこう","ItoJ",id-ID,ja-JP
"Jumat)","金曜（日）","ItoJ",id-ID,ja-JP
"obat","くすり","ItoJ",id-ID,ja-JP
"tolong beri aku","ください","ItoJ",id-ID,ja-JP
"buah","くだもの","ItoJ",id-ID,ja-JP
"mulut","くち","ItoJ",id-ID,ja-JP
"Sepatu","くつ","ItoJ",id-ID,ja-JP
"Kaus kaki","くつした","ItoJ",id-ID,ja-JP
"negara","くに","ItoJ",id-ID,ja-JP
"Berawan","くもり","ItoJ",id-ID,ja-JP
"berawan","くもる","ItoJ",id-ID,ja-JP
"Tentang","くらい","ItoJ",id-ID,ja-JP
"kelas","クラス","ItoJ",id-ID,ja-JP
"datang","くる","ItoJ",id-ID,ja-JP
"mobil","くるま","ItoJ",id-ID,ja-JP
"hitam","くろ","ItoJ",id-ID,ja-JP
"Hitam","くろい","ItoJ",id-ID,ja-JP
"Keikan","けいかん","ItoJ",id-ID,ja-JP
"Keisatsu","けいさつ","ItoJ",id-ID,ja-JP
"telepon/ponsel","けいたい（でんわ）／ケータイ","ItoJ",id-ID,ja-JP
"kue","ケーキ","ItoJ",id-ID,ja-JP
"permainan","ゲーム","ItoJ",id-ID,ja-JP
"pagi ini","けさ","ItoJ",id-ID,ja-JP
"karet opium","けしゴム","ItoJ",id-ID,ja-JP
"Kesu","けす","ItoJ",id-ID,ja-JP
"Lumayan","けっこう","ItoJ",id-ID,ja-JP
"pernikahan","けっこん","ItoJ",id-ID,ja-JP
"Senin)","月曜（日）","ItoJ",id-ID,ja-JP
"Genkan","げんかん","ItoJ",id-ID,ja-JP
"Bagus","げんき","ItoJ",id-ID,ja-JP
"Anak","子","ItoJ",id-ID,ja-JP
"lima","五","ItoJ",id-ID,ja-JP
"Taman","こうえん","ItoJ",id-ID,ja-JP
"Kousaten","こうさてん","ItoJ",id-ID,ja-JP
"Koucha","こうちゃ","ItoJ",id-ID,ja-JP
"Kotak polisi","こうばん","ItoJ",id-ID,ja-JP
"suara","こえ","ItoJ",id-ID,ja-JP
"mantel","コート","ItoJ",id-ID,ja-JP
"kopi","コーヒー","ItoJ",id-ID,ja-JP
"Di Sini","ここ","ItoJ",id-ID,ja-JP
"Pergi pergi","ごご","ItoJ",id-ID,ja-JP
"Di Sini","ここのか","ItoJ",id-ID,ja-JP
"Kokonotsu","ここのつ","ItoJ",id-ID,ja-JP
"suami","ごしゅじん","ItoJ",id-ID,ja-JP
"Pagi","ごぜん","ItoJ",id-ID,ja-JP
"Menjawab","こたえ","ItoJ",id-ID,ja-JP
"Menanggapi","こたえる","ItoJ",id-ID,ja-JP
"Di Sini","こちら","ItoJ",id-ID,ja-JP
"Di Sini","こっち","ItoJ",id-ID,ja-JP
"Cangkir","コップ","ItoJ",id-ID,ja-JP
"benda/barang","こと／～こと","ItoJ",id-ID,ja-JP
"tahun ini","ことし","ItoJ",id-ID,ja-JP
"kata-kata","ことば","ItoJ",id-ID,ja-JP
"anak","子供","ItoJ",id-ID,ja-JP
"ini","この","ItoJ",id-ID,ja-JP
"beras","ごはん","ItoJ",id-ID,ja-JP
"Komaru","こまる","ItoJ",id-ID,ja-JP
"ini","これ","ItoJ",id-ID,ja-JP
"sekitar","ころ","ItoJ",id-ID,ja-JP
"Kongetsu","こんげつ","ItoJ",id-ID,ja-JP
"minggu ini","こんしゅう","ItoJ",id-ID,ja-JP
"lain kali","こんど","ItoJ",id-ID,ja-JP
"Seperti","こんな","ItoJ",id-ID,ja-JP
"Malam ini","こんばん","ItoJ",id-ID,ja-JP
"toko serba-ada","コンビニ","ItoJ",id-ID,ja-JP
"komputer","コンピューター","ItoJ",id-ID,ja-JP
"Konya","こんや","ItoJ",id-ID,ja-JP
"Ini dia","さあ","ItoJ",id-ID,ja-JP
"Dompet","さいふ","ItoJ",id-ID,ja-JP
"Ikan","さかな","ItoJ",id-ID,ja-JP
"tip","さき","ItoJ",id-ID,ja-JP
"ukuran","さく","ItoJ",id-ID,ja-JP
"Sakubun","さくぶん","ItoJ",id-ID,ja-JP
"bunga sakura","さくら","ItoJ",id-ID,ja-JP
"titik","さす","ItoJ",id-ID,ja-JP
"sepak bola","サッカー","ItoJ",id-ID,ja-JP
"Zasshi","ざっし","ItoJ",id-ID,ja-JP
"gula","さとう","ItoJ",id-ID,ja-JP
"dingin","さむい","ItoJ",id-ID,ja-JP
"Sarai Nen","さらいねん","ItoJ",id-ID,ja-JP
"tiga","三","ItoJ",id-ID,ja-JP
"Jalan-jalan","さんぽ","ItoJ",id-ID,ja-JP
"kota","市","ItoJ",id-ID,ja-JP
"empat","四","ItoJ",id-ID,ja-JP
"Shio","しお","ItoJ",id-ID,ja-JP
"Tetapi","しかし","ItoJ",id-ID,ja-JP
"waktu","じかん","ItoJ",id-ID,ja-JP
"bekerja","しごと","ItoJ",id-ID,ja-JP
"Jisho","じしょ","ItoJ",id-ID,ja-JP
"Diam","しずか","ItoJ",id-ID,ja-JP
"di bawah","下","ItoJ",id-ID,ja-JP
"tujuh","七","ItoJ",id-ID,ja-JP
"Pertanyaan","しつもん","ItoJ",id-ID,ja-JP
"sepeda","じてんしゃ","ItoJ",id-ID,ja-JP
"Jidosha","じどうしゃ","ItoJ",id-ID,ja-JP
"Shinu","しぬ","ItoJ",id-ID,ja-JP
"saya sendiri","じぶん","ItoJ",id-ID,ja-JP
"Menutup","しまる","ItoJ",id-ID,ja-JP
"Menutup","しめる","ItoJ",id-ID,ja-JP
"Lalu (ah)","じゃ（あ）","ItoJ",id-ID,ja-JP
"pensil mekanik","シャープペンシル","ItoJ",id-ID,ja-JP
"gambar","しゃしん","ItoJ",id-ID,ja-JP
"kemeja","シャツ","ItoJ",id-ID,ja-JP
"mandi","シャワー","ItoJ",id-ID,ja-JP
"sepuluh","十","ItoJ",id-ID,ja-JP
"jus","ジュース","ItoJ",id-ID,ja-JP
"sekolah","じゅぎょう","ItoJ",id-ID,ja-JP
"sekolah","しゅくだい","ItoJ",id-ID,ja-JP
"Bagus","じょうず","ItoJ",id-ID,ja-JP
"Kuat","じょうぶ","ItoJ",id-ID,ja-JP
"kecap","しょうゆ","ItoJ",id-ID,ja-JP
"makanan","しょくじ","ItoJ",id-ID,ja-JP
"Apa yang harus dilakukan","しょくどう","ItoJ",id-ID,ja-JP
"tahu","しる","ItoJ",id-ID,ja-JP
"putih","しろ","ItoJ",id-ID,ja-JP
"Putih","しろい","ItoJ",id-ID,ja-JP
"Shingo","しんごう","ItoJ",id-ID,ja-JP
"kejujuran","しんせつ","ItoJ",id-ID,ja-JP
"kecemasan","しんぱい","ItoJ",id-ID,ja-JP
"Shinbun","しんぶん","ItoJ",id-ID,ja-JP
"suei","すいえい","ItoJ",id-ID,ja-JP
"Rabu)","水曜（日）","ItoJ",id-ID,ja-JP
"mengisap","すう","ItoJ",id-ID,ja-JP
"supermarket)","スーパー（マーケット）","ItoJ",id-ID,ja-JP
"rok","スカート","ItoJ",id-ID,ja-JP
"menyukai","すき","ItoJ",id-ID,ja-JP
"Sugi","すぎ","ItoJ",id-ID,ja-JP
"main ski","スキー","ItoJ",id-ID,ja-JP
"kecil","すくない","ItoJ",id-ID,ja-JP
"langsung","すぐに","ItoJ",id-ID,ja-JP
"sedikit","すこし","ItoJ",id-ID,ja-JP
"Dingin","すずしい","ItoJ",id-ID,ja-JP
"satu per satu","ずつ","ItoJ",id-ID,ja-JP
"kompor","ストーブ","ItoJ",id-ID,ja-JP
"pidato","スピーチ","ItoJ",id-ID,ja-JP
"sendok","スプーン","ItoJ",id-ID,ja-JP
"olahraga","スポーツ","ItoJ",id-ID,ja-JP
"celana","ズボン","ItoJ",id-ID,ja-JP
"hidup","すむ","ItoJ",id-ID,ja-JP
"sandal","スリッパ","ItoJ",id-ID,ja-JP
"Mengerjakan","する","ItoJ",id-ID,ja-JP
"duduk","すわる","ItoJ",id-ID,ja-JP
"karena)","せ（い）","ItoJ",id-ID,ja-JP
"menyebabkan","せいと","ItoJ",id-ID,ja-JP
"sweter","セーター","ItoJ",id-ID,ja-JP
"Sabun mandi","せっけん","ItoJ",id-ID,ja-JP
"Sempit","せまい","ItoJ",id-ID,ja-JP
"nol","ゼロ","ItoJ",id-ID,ja-JP
"ribu","千","ItoJ",id-ID,ja-JP
"Sengetsu","せんげつ","ItoJ",id-ID,ja-JP
"minggu lalu","せんしゅう","ItoJ",id-ID,ja-JP
"guru","せんせい","ItoJ",id-ID,ja-JP
"sama sekali","ぜんぜん","ItoJ",id-ID,ja-JP
"pencucian","せんたく","ItoJ",id-ID,ja-JP
"Semua","ぜんぶ","ItoJ",id-ID,ja-JP
"Ya","そう","ItoJ",id-ID,ja-JP
"pembersihan","そうじ","ItoJ",id-ID,ja-JP
"Kemudian","そうして","ItoJ",id-ID,ja-JP
"Di sana","そこ","ItoJ",id-ID,ja-JP
"Dan","そして","ItoJ",id-ID,ja-JP
"di sana","そちら","ItoJ",id-ID,ja-JP
"di sana","そっち","ItoJ",id-ID,ja-JP
"di luar","外","ItoJ",id-ID,ja-JP
"itu","その","ItoJ",id-ID,ja-JP
"Soba","そば","ItoJ",id-ID,ja-JP
"Langit","そら","ItoJ",id-ID,ja-JP
"itu","それ","ItoJ",id-ID,ja-JP
"Setelah itu","それから","ItoJ",id-ID,ja-JP
"Kemudian","それでは","ItoJ",id-ID,ja-JP
"Universitas","だいがく","ItoJ",id-ID,ja-JP
"Taishikan","たいしかん","ItoJ",id-ID,ja-JP
"Oke","だいじょうぶ","ItoJ",id-ID,ja-JP
"Aku mencintaimu","だいすき","ItoJ",id-ID,ja-JP
"penting","たいせつ","ItoJ",id-ID,ja-JP
"umumnya","たいてい","ItoJ",id-ID,ja-JP
"Inti","だいどころ","ItoJ",id-ID,ja-JP
"sangat","たいへん","ItoJ",id-ID,ja-JP
"tinggi","たかい","ItoJ",id-ID,ja-JP
"banyak","たくさん","ItoJ",id-ID,ja-JP
"taksi","タクシー","ItoJ",id-ID,ja-JP
"berikan","だす","ItoJ",id-ID,ja-JP
"Tatsu","たつ","ItoJ",id-ID,ja-JP
"bangunan","たてもの","ItoJ",id-ID,ja-JP
"seru","たのしい","ItoJ",id-ID,ja-JP
"Bertanya","たのむ","ItoJ",id-ID,ja-JP
"Tembakau/tembakau","たばこ・タバコ","ItoJ",id-ID,ja-JP
"mungkin","たぶん","ItoJ",id-ID,ja-JP
"makanan","たべもの","ItoJ",id-ID,ja-JP
"untuk makan","たべる","ItoJ",id-ID,ja-JP
"telur","たまご","ItoJ",id-ID,ja-JP
"WHO","だれ","ItoJ",id-ID,ja-JP
"seseorang","だれか","ItoJ",id-ID,ja-JP
"hari ulang tahun","たんじょうび","ItoJ",id-ID,ja-JP
"perlahan-lahan","だんだん","ItoJ",id-ID,ja-JP
"kecil","ちいさい","ItoJ",id-ID,ja-JP
"keju","チーズ","ItoJ",id-ID,ja-JP
"menutup","ちかい","ItoJ",id-ID,ja-JP
"berbeda","ちがう","ItoJ",id-ID,ja-JP
"di dekat","ちかく","ItoJ",id-ID,ja-JP
"Chikatetsu","ちかてつ","ItoJ",id-ID,ja-JP
"tiket","チケット","ItoJ",id-ID,ja-JP
"Chizu","ちず","ItoJ",id-ID,ja-JP
"Chichi","ちち","ItoJ",id-ID,ja-JP
"cokelat","ちゃいろ","ItoJ",id-ID,ja-JP
"Chawan","ちゃわん","ItoJ",id-ID,ja-JP
"hanya","ちょうど","ItoJ",id-ID,ja-JP
"cokelat","チョコレート","ItoJ",id-ID,ja-JP
"sedikit","ちょっと","ItoJ",id-ID,ja-JP
"tsuitsuchi","ついたち","ItoJ",id-ID,ja-JP
"menggunakan","つかう","ItoJ",id-ID,ja-JP
"Lelah","つかれる","ItoJ",id-ID,ja-JP
"Berikutnya","つぎ","ItoJ",id-ID,ja-JP
"tiba","つく","ItoJ",id-ID,ja-JP
"tiba","つく","ItoJ",id-ID,ja-JP
"Tsukue","つくえ","ItoJ",id-ID,ja-JP
"untuk membuat","つくる","ItoJ",id-ID,ja-JP
"Pakai","つける","ItoJ",id-ID,ja-JP
"melayani","つとめる","ItoJ",id-ID,ja-JP
"bosan","つまらない","ItoJ",id-ID,ja-JP
"Dingin","つめたい","ItoJ",id-ID,ja-JP
"kuat","つよい","ItoJ",id-ID,ja-JP
"tangan","て","ItoJ",id-ID,ja-JP
"tape","テープ","ItoJ",id-ID,ja-JP
"meja","テーブル","ItoJ",id-ID,ja-JP
"keluar","でかける","ItoJ",id-ID,ja-JP
"surat","てがみ","ItoJ",id-ID,ja-JP
"Bisa","できる","ItoJ",id-ID,ja-JP
"Deguchi","でぐち","ItoJ",id-ID,ja-JP
"tes","テスト","ItoJ",id-ID,ja-JP
"tenis","テニス","ItoJ",id-ID,ja-JP
"Kemudian","では","ItoJ",id-ID,ja-JP
"toko serba ada","デパート","ItoJ",id-ID,ja-JP
"Tetapi","でも","ItoJ",id-ID,ja-JP
"Keluar","でる","ItoJ",id-ID,ja-JP
"set TV","テレビ","ItoJ",id-ID,ja-JP
"cuaca","てんき","ItoJ",id-ID,ja-JP
"listrik","でんき","ItoJ",id-ID,ja-JP
"kereta","でんしゃ","ItoJ",id-ID,ja-JP
"telepon","でんわ","ItoJ",id-ID,ja-JP
"pintu","ドア","ItoJ",id-ID,ja-JP
"toilet","トイレ","ItoJ",id-ID,ja-JP
"tembaga","どう","ItoJ",id-ID,ja-JP
"Mengapa","どうして","ItoJ",id-ID,ja-JP
"Tolong","どうぞ","ItoJ",id-ID,ja-JP
"Satwa","どうぶつ","ItoJ",id-ID,ja-JP
"Kebun binatang","どうぶつえん","ItoJ",id-ID,ja-JP
"Terima kasih","どうも","ItoJ",id-ID,ja-JP
"terlalu","とおい","ItoJ",id-ID,ja-JP
"10 hari","十日","ItoJ",id-ID,ja-JP
"Kapan","とき","ItoJ",id-ID,ja-JP
"Kadang-kadang","ときどき","ItoJ",id-ID,ja-JP
"spesial","とくい","ItoJ",id-ID,ja-JP
"jam","とけい","ItoJ",id-ID,ja-JP
"Di mana","どこ","ItoJ",id-ID,ja-JP
"tempat","ところ","ItoJ",id-ID,ja-JP
"tahun","とし","ItoJ",id-ID,ja-JP
"Perpustakaan","としょかん","ItoJ",id-ID,ja-JP
"Yang","どちら","ItoJ",id-ID,ja-JP
"Yang","どっち","ItoJ",id-ID,ja-JP
"sangat","とても","ItoJ",id-ID,ja-JP
"siapa ini","どなた","ItoJ",id-ID,ja-JP
"di sebelah","となり","ItoJ",id-ID,ja-JP
"Yang","どの","ItoJ",id-ID,ja-JP
"Berapa harganya","どのくらい","ItoJ",id-ID,ja-JP
"Tobu","とぶ","ItoJ",id-ID,ja-JP
"berhenti","とまる","ItoJ",id-ID,ja-JP
"teman","ともだち","ItoJ",id-ID,ja-JP
"Sabtu)","土曜（日）","ItoJ",id-ID,ja-JP
"burung","とり","ItoJ",id-ID,ja-JP
"daging ayam","とり肉","ItoJ",id-ID,ja-JP
"mengambil","とる","ItoJ",id-ID,ja-JP
"mengambil","とる","ItoJ",id-ID,ja-JP
"yang mana","どれ","ItoJ",id-ID,ja-JP
"jenis apa","どんな","ItoJ",id-ID,ja-JP
"tidak punya","ない","ItoJ",id-ID,ja-JP
"pisau","ナイフ","ItoJ",id-ID,ja-JP
"Selama ~","中","ItoJ",id-ID,ja-JP
"panjang","ながい","ItoJ",id-ID,ja-JP
"Tanpa","なく","ItoJ",id-ID,ja-JP
"Tanpa","なく","ItoJ",id-ID,ja-JP
"kehilangan","なくす","ItoJ",id-ID,ja-JP
"Mengapa","なぜ","ItoJ",id-ID,ja-JP
"musim panas","夏","ItoJ",id-ID,ja-JP
"liburan musim panas","夏休み","ItoJ",id-ID,ja-JP
"Seperti","など","ItoJ",id-ID,ja-JP
"tujuh","七つ","ItoJ",id-ID,ja-JP
"Apa","なに","ItoJ",id-ID,ja-JP
"Apakah itu","なのか","ItoJ",id-ID,ja-JP
"nama","なまえ","ItoJ",id-ID,ja-JP
"Mempelajari","ならう","ItoJ",id-ID,ja-JP
"bersebelahan","ならぶ","ItoJ",id-ID,ja-JP
"berbaris","ならべる","ItoJ",id-ID,ja-JP
"Menjadi","なる","ItoJ",id-ID,ja-JP
"Apa(～)","なん（～）","ItoJ",id-ID,ja-JP
"kepahitan","にがて","ItoJ",id-ID,ja-JP
"Hidup","にぎやか","ItoJ",id-ID,ja-JP
"daging","にく","ItoJ",id-ID,ja-JP
"Barat","にし","ItoJ",id-ID,ja-JP
"Minggu)","にちよう（び）","ItoJ",id-ID,ja-JP
"Jepang, Jepang","にほん・にっぽん","ItoJ",id-ID,ja-JP
"bagasi","にもつ","ItoJ",id-ID,ja-JP
"sekolah","にゅうがく","ItoJ",id-ID,ja-JP
"berita","ニュース","ItoJ",id-ID,ja-JP
"kebun","にわ","ItoJ",id-ID,ja-JP
"Menghapus","ぬぐ","ItoJ",id-ID,ja-JP
"mengikat","ネクタイ","ItoJ",id-ID,ja-JP
"kucing","ねこ","ItoJ",id-ID,ja-JP
"mengantuk","ねむい","ItoJ",id-ID,ja-JP
"tidur","ねる","ItoJ",id-ID,ja-JP
"Catatan","ノート","ItoJ",id-ID,ja-JP
"Mendaki","のぼる","ItoJ",id-ID,ja-JP
"minuman","のみもの","ItoJ",id-ID,ja-JP
"minum","のむ","ItoJ",id-ID,ja-JP
"mendapatkan","のる","ItoJ",id-ID,ja-JP
"gigi","は","ItoJ",id-ID,ja-JP
"berpesta","パーティー","ItoJ",id-ID,ja-JP
"Ya","はい","ItoJ",id-ID,ja-JP
"sepeda","バイク","ItoJ",id-ID,ja-JP
"Ya","はいざら","ItoJ",id-ID,ja-JP
"Ya","はいる","ItoJ",id-ID,ja-JP
"kartu pos","はがき","ItoJ",id-ID,ja-JP
"menggagalkan","はく","ItoJ",id-ID,ja-JP
"kotak","はこ","ItoJ",id-ID,ja-JP
"gunting","はさみ","ItoJ",id-ID,ja-JP
"menjembatani","はし","ItoJ",id-ID,ja-JP
"menjembatani","はし","ItoJ",id-ID,ja-JP
"mulai","はじまる","ItoJ",id-ID,ja-JP
"awal (untuk)","はじめ（に）","ItoJ",id-ID,ja-JP
"pertama kali","はじめて","ItoJ",id-ID,ja-JP
"Berlari","はしる","ItoJ",id-ID,ja-JP
"bis","バス","ItoJ",id-ID,ja-JP
"paspor","パスポート","ItoJ",id-ID,ja-JP
"komputer","パソコン","ItoJ",id-ID,ja-JP
"mentega","バター","ItoJ",id-ID,ja-JP
"Hatachi","はたち","ItoJ",id-ID,ja-JP
"bekerja","はたらく","ItoJ",id-ID,ja-JP
"Lebah","はち","ItoJ",id-ID,ja-JP
"Keduapuluh","はつか","ItoJ",id-ID,ja-JP
"bunga","花","ItoJ",id-ID,ja-JP
"bunga","はな","ItoJ",id-ID,ja-JP
"cerita","はなし","ItoJ",id-ID,ja-JP
"Melepaskan","はなす","ItoJ",id-ID,ja-JP
"ibu","はは","ItoJ",id-ID,ja-JP
"cepat","はやい","ItoJ",id-ID,ja-JP
"menggeliat","はる","ItoJ",id-ID,ja-JP
"Cerah","はれ","ItoJ",id-ID,ja-JP
"bengkak","はれる","ItoJ",id-ID,ja-JP
"malam","ばん","ItoJ",id-ID,ja-JP
"roti","パン","ItoJ",id-ID,ja-JP
"stempel～","はん～","ItoJ",id-ID,ja-JP
"saputangan","ハンカチ","ItoJ",id-ID,ja-JP
"nomor","ばんごう","ItoJ",id-ID,ja-JP
"makan malam","ばんごはん","ItoJ",id-ID,ja-JP
"tampan","ハンサム","ItoJ",id-ID,ja-JP
"Hanto","はんとし","ItoJ",id-ID,ja-JP
"roti isi daging","ハンバーガー","ItoJ",id-ID,ja-JP
"Hanbun","はんぶん","ItoJ",id-ID,ja-JP
"api","火","ItoJ",id-ID,ja-JP
"api","ひ","ItoJ",id-ID,ja-JP
"piano","ピアノ","ItoJ",id-ID,ja-JP
"Higashi","ひがし","ItoJ",id-ID,ja-JP
"menangkap","ひく","ItoJ",id-ID,ja-JP
"menangkap","ひく","ItoJ",id-ID,ja-JP
"rendah","ひくい","ItoJ",id-ID,ja-JP
"Pesawat terbang","ひこうき","ItoJ",id-ID,ja-JP
"Visa","ビザ","ItoJ",id-ID,ja-JP
"Pizza","ピザ","ItoJ",id-ID,ja-JP
"Bijutsukan","びじゅつかん","ItoJ",id-ID,ja-JP
"kiri","左","ItoJ",id-ID,ja-JP
"Pria","人","ItoJ",id-ID,ja-JP
"satu","一つ","ItoJ",id-ID,ja-JP
"Januari","一月","ItoJ",id-ID,ja-JP
"sendiri","ひとり","ItoJ",id-ID,ja-JP
"bebas","ひま","ItoJ",id-ID,ja-JP
"Hyaku","ひゃく","ItoJ",id-ID,ja-JP
"byoin","びょういん","ItoJ",id-ID,ja-JP
"penyakit","びょうき","ItoJ",id-ID,ja-JP
"Hiragana","ひらがな","ItoJ",id-ID,ja-JP
"Hiru","ひる","ItoJ",id-ID,ja-JP
"bangunan","ビル","ItoJ",id-ID,ja-JP
"makan siang","ひるごはん","ItoJ",id-ID,ja-JP
"Hiroi","ひろい","ItoJ",id-ID,ja-JP
"Merah Jambu","ピンク","ItoJ",id-ID,ja-JP
"Futou","ふうとう","ItoJ",id-ID,ja-JP
"kolam","プール","ItoJ",id-ID,ja-JP
"garpu","フォーク","ItoJ",id-ID,ja-JP
"menghapus","ふく","ItoJ",id-ID,ja-JP
"dua","ふたつ","ItoJ",id-ID,ja-JP
"babi","ぶたにく","ItoJ",id-ID,ja-JP
"dua","ふたり","ItoJ",id-ID,ja-JP
"Beberapa","ふつか","ItoJ",id-ID,ja-JP
"gemuk","ふとい","ItoJ",id-ID,ja-JP
"musim dingin","ふゆ","ItoJ",id-ID,ja-JP
"Fuyu istirahat","ふゆやすみ","ItoJ",id-ID,ja-JP
"Furu","ふる","ItoJ",id-ID,ja-JP
"saringan","ふるい","ItoJ",id-ID,ja-JP
"halaman","ページ","ItoJ",id-ID,ja-JP
"kikuk","へた","ItoJ",id-ID,ja-JP
"tempat tidur","ベッド","ItoJ",id-ID,ja-JP
"ruang","へや","ItoJ",id-ID,ja-JP
"aneh","へん","ItoJ",id-ID,ja-JP
"pena","ペン","ItoJ",id-ID,ja-JP
"belajar","べんきょう","ItoJ",id-ID,ja-JP
"nyaman","べんり","ItoJ",id-ID,ja-JP
"Topi","ぼうし","ItoJ",id-ID,ja-JP
"pulpen","ボールペン","ItoJ",id-ID,ja-JP
"lainnya","ほか（に）","ItoJ",id-ID,ja-JP
"saku","ポケット","ItoJ",id-ID,ja-JP
"ingin","ほしい","ItoJ",id-ID,ja-JP
"pos","ポスト","ItoJ",id-ID,ja-JP
"Ramping","ほそい","ItoJ",id-ID,ja-JP
"tombol","ボタン","ItoJ",id-ID,ja-JP
"Hotel","ホテル","ItoJ",id-ID,ja-JP
"buku","ほん","ItoJ",id-ID,ja-JP
"rak buku","ほんだな","ItoJ",id-ID,ja-JP
"sangat)","ほんとう（に）","ItoJ",id-ID,ja-JP
"Toko buku","ほんや","ItoJ",id-ID,ja-JP
"Maiasa","まいあさ","ItoJ",id-ID,ja-JP
"Maishu","まいしゅう","ItoJ",id-ID,ja-JP
"Maitsuki / Maigetsu","まいつき／まいげつ","ItoJ",id-ID,ja-JP
"Maitoshi / Mainen","まいとし／まいねん","ItoJ",id-ID,ja-JP
"setiap hari","まいにち","ItoJ",id-ID,ja-JP
"Maiban","まいばん","ItoJ",id-ID,ja-JP
"depan","まえ","ItoJ",id-ID,ja-JP
"membengkokkan","まがる","ItoJ",id-ID,ja-JP
"Tak enak","まずい","ItoJ",id-ID,ja-JP
"lagi","また","ItoJ",id-ID,ja-JP
"Belum","まだ","ItoJ",id-ID,ja-JP
"kota","まち","ItoJ",id-ID,ja-JP
"pohon pinus","まつ","ItoJ",id-ID,ja-JP
"lurus","まっすぐ（に）","ItoJ",id-ID,ja-JP
"jendela","まど","ItoJ",id-ID,ja-JP
"Bulat","まるい","ItoJ",id-ID,ja-JP
"penuh","まん","ItoJ",id-ID,ja-JP
"Polandia","みがく","ItoJ",id-ID,ja-JP
"jeruk mandarin","みかん","ItoJ",id-ID,ja-JP
"Kanan","右","ItoJ",id-ID,ja-JP
"pendek","みじかい","ItoJ",id-ID,ja-JP
"air","水","ItoJ",id-ID,ja-JP
"toko","みせ","ItoJ",id-ID,ja-JP
"menunjukkan","みせる","ItoJ",id-ID,ja-JP
"jalan","みち","ItoJ",id-ID,ja-JP
"Mikka","みっか","ItoJ",id-ID,ja-JP
"tiga","三つ","ItoJ",id-ID,ja-JP
"setiap orang","みなさん","ItoJ",id-ID,ja-JP
"Selatan","みなみ","ItoJ",id-ID,ja-JP
"Telinga","みみ","ItoJ",id-ID,ja-JP
"Melihat","みる","ItoJ",id-ID,ja-JP
"setiap orang","みんな","ItoJ",id-ID,ja-JP
"Muika","むいか","ItoJ",id-ID,ja-JP
"di sana","むこう","ItoJ",id-ID,ja-JP
"sulit","むずかしい","ItoJ",id-ID,ja-JP
"enam","六つ","ItoJ",id-ID,ja-JP
"mata","め","ItoJ",id-ID,ja-JP
"Kacamata","めがね","ItoJ",id-ID,ja-JP
"menu","メニュー","ItoJ",id-ID,ja-JP
"sudah","もう","ItoJ",id-ID,ja-JP
"Kamis)","木曜（日）","ItoJ",id-ID,ja-JP
"Halo","もしもし","ItoJ",id-ID,ja-JP
"Tentu saja","もちろん","ItoJ",id-ID,ja-JP
"jeroan","もつ","ItoJ",id-ID,ja-JP
"Membawa","もっていく","ItoJ",id-ID,ja-JP
"saya akan membawa","もってくる","ItoJ",id-ID,ja-JP
"lagi","もっと","ItoJ",id-ID,ja-JP
"benda","もの","ItoJ",id-ID,ja-JP
"gerbang","もん","ItoJ",id-ID,ja-JP
"masalah","もんだい","ItoJ",id-ID,ja-JP
"atau","や","ItoJ",id-ID,ja-JP
"Yaoya","やおや","ItoJ",id-ID,ja-JP
"gulungan","やく","ItoJ",id-ID,ja-JP
"Yakusoku","やくそく","ItoJ",id-ID,ja-JP
"sayur-mayur","やさい","ItoJ",id-ID,ja-JP
"baik","やさしい","ItoJ",id-ID,ja-JP
"baik","やさしい","ItoJ",id-ID,ja-JP
"Murah","やすい","ItoJ",id-ID,ja-JP
"istirahat","やすみ","ItoJ",id-ID,ja-JP
"istirahat","やすむ","ItoJ",id-ID,ja-JP
"Delapan","やっつ","ItoJ",id-ID,ja-JP
"Gunung","山","ItoJ",id-ID,ja-JP
"Mengerjakan","やる","ItoJ",id-ID,ja-JP
"Yukata","ゆうがた","ItoJ",id-ID,ja-JP
"kantor Pos","ゆうびんきょく","ItoJ",id-ID,ja-JP
"tadi malam","ゆうべ","ItoJ",id-ID,ja-JP
"Yumei","ゆうめい","ItoJ",id-ID,ja-JP
"salju","ゆき","ItoJ",id-ID,ja-JP
"Perlahan-lahan)","ゆっくり（と）","ItoJ",id-ID,ja-JP
"Youka","ようか","ItoJ",id-ID,ja-JP
"Youbi","ようび","ItoJ",id-ID,ja-JP
"Youfuku","ようふく","ItoJ",id-ID,ja-JP
"sering","よく","ItoJ",id-ID,ja-JP
"Berikutnya","よこ","ItoJ",id-ID,ja-JP
"empat hari","四日","ItoJ",id-ID,ja-JP
"empat","四つ","ItoJ",id-ID,ja-JP
"panggilan","よぶ","ItoJ",id-ID,ja-JP
"Membaca","よむ","ItoJ",id-ID,ja-JP
"malam","よる","ItoJ",id-ID,ja-JP
"senang","よろこぶ","ItoJ",id-ID,ja-JP
"Lemah","よわい","ItoJ",id-ID,ja-JP
"ramen","ラーメン","ItoJ",id-ID,ja-JP
"Raigetsu","らいげつ","ItoJ",id-ID,ja-JP
"Raishu","らいしゅう","ItoJ",id-ID,ja-JP
"Berikutnya","らいねん","ItoJ",id-ID,ja-JP
"radio","ラジオ","ItoJ",id-ID,ja-JP
"Rippa","りっぱ","ItoJ",id-ID,ja-JP
"murid","りゅうがくせい","ItoJ",id-ID,ja-JP
"Ryoshin","りょうしん","ItoJ",id-ID,ja-JP
"makanan","りょうり","ItoJ",id-ID,ja-JP
"perjalanan","りょこう","ItoJ",id-ID,ja-JP
"apel","りんご","ItoJ",id-ID,ja-JP
"roh","れい","ItoJ",id-ID,ja-JP
"Reizoko","れいぞうこ","ItoJ",id-ID,ja-JP
"kuitansi","レシート","ItoJ",id-ID,ja-JP
"restoran keluarga","ファミレス","ItoJ",id-ID,ja-JP
"Pelatihan","れんしゅう","ItoJ",id-ID,ja-JP
"enam","六","ItoJ",id-ID,ja-JP
"kemeja","ワイシャツ","ItoJ",id-ID,ja-JP
"anggur","ワイン","ItoJ",id-ID,ja-JP
"Muda","わかい","ItoJ",id-ID,ja-JP
"Mengenali","わかる","ItoJ",id-ID,ja-JP
"lupa","わすれる","ItoJ",id-ID,ja-JP
"SAYA","わたくし","ItoJ",id-ID,ja-JP
"SAYA","わたし","ItoJ",id-ID,ja-JP
"Lulus","わたす","ItoJ",id-ID,ja-JP
"Menyeberang","わたる","ItoJ",id-ID,ja-JP
"tertawa","わらう","ItoJ",id-ID,ja-JP
"buruk","わるい","ItoJ",id-ID,ja-JP
"Saya kembali ke negara itu sebulan sekali.","１ヶ月に１回いなかへ帰ります。","ItoJ",id-ID,ja-JP
"Bagian penerima tamu ada di lantai 3.","おてあらいは３階です。","ItoJ",id-ID,ja-JP
"Saya belajar bahasa Jepang selama tiga bulan.","３ヶ月日本語をべんきょうしました。","ItoJ",id-ID,ja-JP
"Ulang tahun saya adalah 5 Mei.","わたしのたんじょうびは５月５日です。","ItoJ",id-ID,ja-JP
"Ada sekolah di sisi kanan.","右がわに学校があります。","ItoJ",id-ID,ja-JP
"Jaraknya sekitar tiga kilometer dari rumah saya ke perusahaan.","うちから会社まで３キロメートルくらいです。","ItoJ",id-ID,ja-JP
"Saya telah belajar selama sekitar satu jam pada malam saya.","まいばん１時間ぐらいべんきょうしています。","ItoJ",id-ID,ja-JP
"Lima gram garam, tolong.","しおを５グラムください。","ItoJ",id-ID,ja-JP
"Ada tiga buah jeruk di atas meja.","つくえのうえにみかんが３こあります。","ItoJ",id-ID,ja-JP
"Saya bisa berbahasa Jepang dan Inggris.","日本語と英語が話せます。","ItoJ",id-ID,ja-JP
"Eri berusia 25 tahun tahun ini.","エリさんは今年25さいです。","ItoJ",id-ID,ja-JP
"Saya membaca 20 buku dalam setahun.","１年間に２０さつ本を読みます。","ItoJ",id-ID,ja-JP
"Tanaka adalah karyawan perusahaan.","田中さんは会社員です。","ItoJ",id-ID,ja-JP
"Apakah Anda ingin makan camilan pada jam 3?","３じにおやつを食べませんか？","ItoJ",id-ID,ja-JP
"Saya bekerja delapan jam sehari.","１日８時間仕事をします。","ItoJ",id-ID,ja-JP
"Thailand panas sepanjang tahun.","タイは１年中あついです。","ItoJ",id-ID,ja-JP
"Saya ingin mengambil cuti seminggu dari pekerjaan dan perjalanan.","１週間仕事を休んで、旅行したいです。","ItoJ",id-ID,ja-JP
"Ibuku orang Jepang dan ayahku orang Amerika.","私の母は日本人で、父はアメリカ人です。","ItoJ",id-ID,ja-JP
"Pabrik ini membuat 1000 mobil setiap hari.","この工場で毎日１０００台の車を作っています。","ItoJ",id-ID,ja-JP
"Saya tidak makan nasi pagi ini. Saya hanya minum kopi.","けさあさごはんを食べませんでした。コーヒーだけ飲みました。","ItoJ",id-ID,ja-JP
"Para siswa akan mengikuti tes bahasa Jepang bulan depan.","学生たちは来月日本語のしけんをうけます。","ItoJ",id-ID,ja-JP
"Mari bertemu lagi minggu depan.","来週、もう１ど会いましょう。","ItoJ",id-ID,ja-JP
"Apa yang harus saya lakukan jika saya memiliki masalah dengan kehidupan saya di Jepang?","日本の生活でこまったとき、どうすればいいですか？","ItoJ",id-ID,ja-JP
"Saya suka negara-negara Eropa seperti Prancis dan Inggris.","フランスやイギリスなどヨーロッパの国が好きです。","ItoJ",id-ID,ja-JP
"Ada dua puluh siswa di kelas ini.","このクラスに２０人学生がいます。","ItoJ",id-ID,ja-JP
"Olimpiade diadakan setiap empat tahun sekali.","オリンピックは４年に１どあります。","ItoJ",id-ID,ja-JP
"Apakah Anda ingin satu lagi?","もう１ぱいいかがですか。","ItoJ",id-ID,ja-JP
"Maia bangun jam 5:30.","まいあさ５時半に起きています。","ItoJ",id-ID,ja-JP
"Hewan apa yang menurutmu paling lucu?","どうぶつの中で何が１ばんかわいいと思いますか？","ItoJ",id-ID,ja-JP
"Kami memiliki satu anjing dan dua kucing.","うちには犬が１ぴき、ねこが２ひきいます。","ItoJ",id-ID,ja-JP
"1 jam adalah 60 menit.","１時間は６０分です。","ItoJ",id-ID,ja-JP
"Prefektur Hiroshima lebih hidup daripada prefektur Yamaguchi.","山口県より広島県の方がにぎやかです。","ItoJ",id-ID,ja-JP
"Semuanya, tolong bawa 3 pensil asli.","みなさん３本いじょうえんぴつを持ってきてください。","ItoJ",id-ID,ja-JP
"Saya ingin membeli lima kemeja itu.","そのシャツを５まい買いたいんですが…。","ItoJ",id-ID,ja-JP
"Dalam berapa detik kamu dapat berlari sejauh 50 meter?","５０メートルを何秒で走ることができますか？","ItoJ",id-ID,ja-JP
"Makanan Jepang apa yang pernah kamu makan?","どんな日本料理を食べたことがありますか？","ItoJ",id-ID,ja-JP
"Jangan membawa alkohol ke sekolah.","学校にお酒を持ってきてはいけません。","ItoJ",id-ID,ja-JP
"Oh begitu. mengerti.","ああ、なるほどです。わかりました。","ItoJ",id-ID,ja-JP
"Hari ini sangat panas. Apakah kamu mau es krim?","今日はとてもあついですね。アイスクリームを食べませんか？","ItoJ",id-ID,ja-JP
"Ada kotak surat antara kantor pos dan bank.","ゆうびんきょくとぎんこうのあいだにポストがあります。","ItoJ",id-ID,ja-JP
"Apakah Anda ingin bertemu saya pada hari itu?","日よう日のごごに会いませんか？","ItoJ",id-ID,ja-JP
"Warna apa ini? Itu biru.","これは何色ですか？青色です。","ItoJ",id-ID,ja-JP
"Kita adalah rumah biru besar itu.","うちはあの青くて大きい家です。","ItoJ",id-ID,ja-JP
"Warna apa yang anda suka? Saya suka merah.","何色が好きですか？赤色が好きです。","ItoJ",id-ID,ja-JP
"Saya ingin mobil sport merah.","赤いスポーツカーがほしいです。","ItoJ",id-ID,ja-JP
"Tuan Yamada adalah orang yang ceria.","山田先生は明るい人です。","ItoJ",id-ID,ja-JP
"Daun maple indah di musim gugur, dan makanannya enak.","秋はもみじがきれいだし、食べ物もおいしいです。","ItoJ",id-ID,ja-JP
"Berdiri di sini dan pintu akan terbuka.","ここに立つとドアが開きます。","ItoJ",id-ID,ja-JP
"Ini panas, jadi bisakah kamu membuka jendela untukku?","あついので、まどを開けてくれませんか？","ItoJ",id-ID,ja-JP
"Tolong angkat tirainya.","そのカーテンを上にあげてください。","ItoJ",id-ID,ja-JP
"Jalan-jalan pagi itu bagus.","朝のさんぽはきもちがいいです。","ItoJ",id-ID,ja-JP
"Anda harus makan sarapan setiap hari.","毎日朝ごはんを食べた方がいいです。","ItoJ",id-ID,ja-JP
"Apa yang Anda rencanakan untuk dilakukan lusa?","あさっては何をする予定ですか？","ItoJ",id-ID,ja-JP
"Saya jatuh di atas sepeda dan melukai kaki saya.","自転車でこけて、足をケガしました。","ItoJ",id-ID,ja-JP
"Besok akan hujan.","明日は雨の予定です。","ItoJ",id-ID,ja-JP
"Siapa kamu di sana?","あそこにいる方はどなたですか？","ItoJ",id-ID,ja-JP
"Saya suka bermain dengan anjing saya.","犬と遊ぶことが大好きです。","ItoJ",id-ID,ja-JP
"Makanan panas yang Anda makan di musim dingin sangat lezat.","冬にたべるたたかい料理はとてもおいしいです。","ItoJ",id-ID,ja-JP
"Apa yang telah terjadi? Aku sedang sakit kepala.","どうしたんですか？頭がいたいんです。","ItoJ",id-ID,ja-JP
"Saya ingin tas baru.","あたらしいカバンがほしいです。","ItoJ",id-ID,ja-JP
"Eskalator ada di sana.","エスカレーターはあちらにございます。","ItoJ",id-ID,ja-JP
"Tas ini sangat panas.","このふくはとてもあつい。","ItoJ",id-ID,ja-JP
"Ini sangat panas, jadi tolong jangan menyentuhnya.","このきかいはとてもあついですから、さわらないでください。","ItoJ",id-ID,ja-JP
"Mari kita pergi ke sana!","あっちに行こう！","ItoJ",id-ID,ja-JP
"Apakah Anda ingin pergi ke kafe sepulang sekolah?","学校がおわったあとで、カフェへ行きませんか？","ItoJ",id-ID,ja-JP
"apa mimpimu?","あなたのゆめはなんですか？","ItoJ",id-ID,ja-JP
"Adikku adalah seorang Ryugakusei. saya di Inggris.","兄はりゅうがくせいです。イギリスにいます。","ItoJ",id-ID,ja-JP
"Saya suka anime, jadi saya memutuskan untuk belajar bahasa Jepang.","アニメが好きで、日本語をべんきょうすることにしました。","ItoJ",id-ID,ja-JP
"Anne cantik, tapi dia agak ketat.","あねはきれいですが、すこしきびしい人です。","ItoJ",id-ID,ja-JP
"Pria itu adalah pamanku.","あの方はわたしのおじです。","ItoJ",id-ID,ja-JP
"Saya minta maaf. Yang mana Eki?","あのう、すみません。えきはどちらですか？","ItoJ",id-ID,ja-JP
"Baik orang Jepang maupun orang asing tinggal di apartemen saya.","わたしのアパートには日本人も外国人もすんでいます。","ItoJ",id-ID,ja-JP
"Mandi lalu tidur.","シャワーをあびてから、ねましょう。","ItoJ",id-ID,ja-JP
"Ini berbahaya, jadi tolong pakai helm.","こうじょうはあぶないですから、ヘルメットをかぶってください。","ItoJ",id-ID,ja-JP
"Apakah kopi ini manis?","このコーヒーはあまいですか？","ItoJ",id-ID,ja-JP
"Saya tidak terlalu suka makanan Jepang.","日本料理はあまり好きじゃありません。","ItoJ",id-ID,ja-JP
"Sepertinya akan hujan.","これから雨がふりそうです。","ItoJ",id-ID,ja-JP
"Bilas cangkir atau sedotan.","コップやさらをあらいます。","ItoJ",id-ID,ja-JP
"Saya memiliki komputer di kamar saya.","わたしのへやにパソコンがあります。","ItoJ",id-ID,ja-JP
"Saya berjalan kaki ke sekolah setiap pagi.","毎朝あるいて学校へ行きます。","ItoJ",id-ID,ja-JP
"Saya bekerja paruh waktu di sebuah restoran.","レストランでアルバイトしています。","ItoJ",id-ID,ja-JP
"apa itu? Ini buku catatan saya.","あれは何？わたしのふでばこです。","ItoJ",id-ID,ja-JP
"Pacar saya adalah orang yang baik.","わたしのかれはいい人です。","ItoJ",id-ID,ja-JP
"Bisakah Anda memberi tahu saya alamat email Anda?","Eメールのアドレスを教えていただけませんか？","ItoJ",id-ID,ja-JP
"Tidak, terima kasih.","いいえ、けっこうです。","ItoJ",id-ID,ja-JP
"Apa kata temanmu tentang itu?","それについて、あなたのりょうしんは何と言いましたか？","ItoJ",id-ID,ja-JP
"Beberapa orang tidak melakukannya di luar rumah mereka.","家の外にしらない人がいます。","ItoJ",id-ID,ja-JP
"Ke mana Shumatsu harus pergi?","しゅうまつはどこへ行こうか？","ItoJ",id-ID,ja-JP
"Beri aku apel itu Berapa banyak yang kamu mau?","そのリンゴをください。いくついりますか？","ItoJ",id-ID,ja-JP
"berapa harga baju itu?","その服はいくらですか？","ItoJ",id-ID,ja-JP
"Ada luka besar dan indah di dekat rumahku.","うちの近くに大きくてきれいないけがあります。","ItoJ",id-ID,ja-JP
"Ayahku baik.","わたしの父はいしゃです。","ItoJ",id-ID,ja-JP
"Saya membeli kursi yang bagus.","かっこいいイスを買いました。","ItoJ",id-ID,ja-JP
"Saya sibuk setiap hari dan itu sulit.","毎日いそがしくて、大変です。","ItoJ",id-ID,ja-JP
"Aku lapar, bisakah aku pergi ke kamar mandi?","おなかがいたいんですが、トイレへ行ってもいいですか？","ItoJ",id-ID,ja-JP
"Negara-negara di Asia Tenggara sepertinya panas sepanjang tahun.","東南アジアの国々は一年中あついらしい。","ItoJ",id-ID,ja-JP
"Ada 24 jam dalam sehari.","一日は２４時間です。","ItoJ",id-ID,ja-JP
"Negara terbesar di dunia adalah Rusia.","世界で一番広い国はロシアです。","ItoJ",id-ID,ja-JP
"Kapan saya bisa bepergian ke luar negeri?","いつ海外旅行へ行けますか？","ItoJ",id-ID,ja-JP
"Saya ingin pergi ke Uchu suatu hari nanti.","いつかうちゅうへ行きたいです。","ItoJ",id-ID,ja-JP
"Apakah Anda ingin makan malam bersama?","いっしょにばんごはんを食べませんか？","ItoJ",id-ID,ja-JP
"Ada lima cokelat di dapur.","キッチンに五つチョコレートがあります。","ItoJ",id-ID,ja-JP
"Kita selalu berjalan di jalan yang sama.","いつも同じ道を歩いています。","ItoJ",id-ID,ja-JP
"Anjing saya berjalan sekitar satu jam setiap hari.","わたしの犬は毎日１時間くらいさんぽします。","ItoJ",id-ID,ja-JP
"Jam berapa?","今何時ですか？","ItoJ",id-ID,ja-JP
"Maksudnya itu apa?","それはどういう意味ですか？","ItoJ",id-ID,ja-JP
"Adikku berumur sepuluh tahun.","わたしのいもうとは１０歳です。","ItoJ",id-ID,ja-JP
"Saya tidak suka dingin, jadi saya tidak ingin keluar di musim dingin.","さむいのはいやなので、冬は外へ行きたくないです。","ItoJ",id-ID,ja-JP
"Di mana pintu masuk ke gedung ini?","このたてものの入り口はどこですか？","ItoJ",id-ID,ja-JP
"Apakah Anda memiliki hewan peliharaan di rumah Anda?","あなたのうちにペットはいますか？","ItoJ",id-ID,ja-JP
"Apa yang kamu inginkan untuk Shiken?","しけんのときは何がいりますか？","ItoJ",id-ID,ja-JP
"Harap taruh dompet dan kunci Anda di loker.","さいふやかぎなどはロッカーに入れてください。","ItoJ",id-ID,ja-JP
"Saya suka warna-warna cerah dan bersih.","あかるくて、きれいな色が好きです。","ItoJ",id-ID,ja-JP
"Supermarket menjual banyak hal.","スーパーにはいろいろなものが売られています。","ItoJ",id-ID,ja-JP
"Jangan gunakan Internet di pesawat Anda.","ひこうきの中でインターネットを使わないでください。","ItoJ",id-ID,ja-JP
"Apakah Anda tahu Tuan Hashimoto? Aku tidak tahu.","はしもとさんって知ってる？ううん、知らない。","ItoJ",id-ID,ja-JP
"Ada dua cangkir di atas meja.","つくえの上にコップが２つあります。","ItoJ",id-ID,ja-JP
"Sapi itu lucu.","あの牛はかわいいです。","ItoJ",id-ID,ja-JP
"Tuan Yamada adalah orang di belakang Tuan Tanaka.","山田さんは田中さんのうしろにいる方です。","ItoJ",id-ID,ja-JP
"Hidangan ini memiliki rasa yang ringan.","この料理は味がうすいですね。","ItoJ",id-ID,ja-JP
"Kagome adalah lagu lama Jepang.","「かごめ」は日本のふるい歌です。","ItoJ",id-ID,ja-JP
"Saya suka menyanyikan lagu-lagu di karaoke.","カラオケで歌を歌うのが好きです。","ItoJ",id-ID,ja-JP
"Musim panas, apakah Anda ingin datang ke rumah saya jika Anda memiliki waktu luang?","しゅうまつ、ひまならうちへ来ませんか？","ItoJ",id-ID,ja-JP
"Fuji adalah gunung yang indah.","ふじさんはうつくしい山です。","ItoJ",id-ID,ja-JP
"Putri saya akan lahir pada bulan Januari.","むすめは１月に生まれる予定です。","ItoJ",id-ID,ja-JP
"Kota itu memiliki laut yang indah.","あそこは海がきれいな町です。","ItoJ",id-ID,ja-JP
"Pakaian ini akan dijual di pasar loak.","この服はフリーマーケットで売ります。","ItoJ",id-ID,ja-JP
"Jangan terlalu berisik di rumah sakit.","病院ではうるさくしないでください。","ItoJ",id-ID,ja-JP
"Saya senang ketika ulang tahun tiba.","たんじょうびが来るとうれしいです。","ItoJ",id-ID,ja-JP
"Besok akan dingin, jadi tolong bawa jaketmu.","明日はさむいので、上着を持って来てください。","ItoJ",id-ID,ja-JP
"besok gratis? Ya, saya punya waktu luang.","明日ひま？うん、ひまだよ。","ItoJ",id-ID,ja-JP
"Yuuko pandai terbang.","ゆうこちゃんはえが上手です。","ItoJ",id-ID,ja-JP
"Mari kita setel AC ke sekitar 26.","エアコンは２６どくらいにしましょう。","ItoJ",id-ID,ja-JP
"Saya suka film Amerika.","わたしはアメリカの映画が好きです。","ItoJ",id-ID,ja-JP
"Apakah Anda ingin pergi ke bioskop dengan saya lain kali?","こんどいっしょに映画かんへ行きませんか？","ItoJ",id-ID,ja-JP
"Saya belajar bahasa Inggris karena saya ingin bekerja di luar negeri.","海外ではたらきたいので、英語の勉強をしています。","ItoJ",id-ID,ja-JP
"Apakah kamu mau minum kopi? Ah, itu bagus.","コーヒーを飲みませんか？ええ、いいですね。","ItoJ",id-ID,ja-JP
"Mari kita bertemu di depan stasiun pada hari itu.","では当日、駅の前で会いましょう。","ItoJ",id-ID,ja-JP
"Kopi atau Kocha, silahkan pilih.","コーヒーかこうちゃか、えらんでください。","ItoJ",id-ID,ja-JP
"Ini liftnya.","エレベーターはこちらです。","ItoJ",id-ID,ja-JP
"Kotak makan siang di supermarket adalah 500 yen.","スーパーのおべんとうは５００円です。","ItoJ",id-ID,ja-JP
"Tolong bawa lima pensil besok.","明日はえんぴつを５本持ってきてください。","ItoJ",id-ID,ja-JP
"Nasi ibu sangat enak.","母のりょうりはとてもおいしい。","ItoJ",id-ID,ja-JP
"Ada lebih banyak orang di Tokyo daripada di Osaka.","東京は大阪より人が多いです。","ItoJ",id-ID,ja-JP
"Saya ingin makan kue besar.","大きいケーキが食べたいです。","ItoJ",id-ID,ja-JP
"Ada banyak orang di Tokyo.","東京には人が大勢います。","ItoJ",id-ID,ja-JP
"Apa jenis pekerjaan ibumu?","お母さんはどんな仕事をされているんですか？","ItoJ",id-ID,ja-JP
"Saya suka permen karena rasanya manis.","おかしは甘いですから、好きです。","ItoJ",id-ID,ja-JP
"Mana yang lebih penting, uang atau waktu?","お金と時間とどちらの方が大切ですか？","ItoJ",id-ID,ja-JP
"Pagi saya bangun jam 6.","まいあさ6時に起きています。","ItoJ",id-ID,ja-JP
"Silakan tinggalkan piring di atas meja.","お皿はテーブルの上に置いておいてください。","ItoJ",id-ID,ja-JP
"Berapa usiamu?","おくさんはおいくつですか？","ItoJ",id-ID,ja-JP
"Piring saya rusak.","お皿がわれてしまいました。","ItoJ",id-ID,ja-JP
"Paman saya adalah seorang pilot.","わたしのおじはパイロットです。","ItoJ",id-ID,ja-JP
"Orang tua itu berjalan-jalan di pegunungan.","おじいさんは山へさんぽに行きました。","ItoJ",id-ID,ja-JP
"Saya akan meminta saudara perempuan saya untuk mengajari saya pekerjaan rumah.","姉にしゅくだいを教えてもらいます。","ItoJ",id-ID,ja-JP
"Silahkan tekan tombol merah untuk SOS.","SOSのとき、赤いボタンをおしてください。","ItoJ",id-ID,ja-JP
"Ibuku bangun terlambat di pagi hari.","わたしの母は朝起きるのがおそいです。","ItoJ",id-ID,ja-JP
"Apakah Anda ingin teh atau kopi? Saya mau kopi, tolong.","お茶かコーヒーはいかがですか？コーヒーをお願いします。","ItoJ",id-ID,ja-JP
"Aku akan pergi ke Otearai.","おてあらいへ行ってまいります。","ItoJ",id-ID,ja-JP
"Ayah saya pergi bekerja pada jam 5 setiap hari.","お父さんは毎日５じに仕事へ行きます。","ItoJ",id-ID,ja-JP
"Ayo pergi ke minimarket tempat kakakku bekerja paruh waktu.","弟がアルバイトしているコンビニへ行きましょう。","ItoJ",id-ID,ja-JP
"Kebanyakan pria menyukai mobil.","男の人は車が好きな人が多いです。","ItoJ",id-ID,ja-JP
"Seorang anak laki-laki lahir di Kinjo.","きんじょで男の子が生まれました。","ItoJ",id-ID,ja-JP
"Saya pergi ke Tokyo dengan kereta api sehari sebelum kemarin.","おととい電車で東京へ行きました。","ItoJ",id-ID,ja-JP
"Setahun sebelum kemarin, corona menyebar ke seluruh dunia.","おととしは世界中でコロナがはやりました。","ItoJ",id-ID,ja-JP
"Umur 20 tahun dikatakan dewasa.","２０才から大人と言われます。","ItoJ",id-ID,ja-JP
"Saya makan begitu banyak sehingga perut saya terasa mual.","食べ物をたべすぎたので、おなかがいたくなりました。","ItoJ",id-ID,ja-JP
"Semua teman sekelas saya menggunakan tas yang sama.","クラスメイトはみんなおなじカバンを使っていました。","ItoJ",id-ID,ja-JP
"Kakak laki-laki itu tampan.","あのお兄さんはイケメンですね。","ItoJ",id-ID,ja-JP
"Saya suka bola nasi buatan ibu saya.","母の作るおにぎりが大好きです。","ItoJ",id-ID,ja-JP
"Kakak perempuan Saya adalah orang yang sangat cantik.","さやちゃんのお姉さんはとてもきれいな方です。","ItoJ",id-ID,ja-JP
"Bibi saya adalah seorang peneliti.","わたしのおばは研究者です。","ItoJ",id-ID,ja-JP
"Nenek pandai membuat manisan.","おばあさんはおかしを作るのが上手です。","ItoJ",id-ID,ja-JP
"Jam berapa kamu mandi?","何時におふろに入りますか？","ItoJ",id-ID,ja-JP
"Siswa sekolah menengah harus membawa bento setiap hari.","高校生は毎日おべんとうを持って行かなければなりません。","ItoJ",id-ID,ja-JP
"Saya bisa belajar 20 kata bahasa Inggris setiap hari.","英語のことばを毎日２０こおぼえます。","ItoJ",id-ID,ja-JP
"Saya membantu nenek saya karena dia punya sesuatu untuk dimakan.","おばあさんがおもいものを持っていたので、てつだいました。","ItoJ",id-ID,ja-JP
"Takeru adalah anak laki-laki yang lucu.","たけるくんはおもしろい子です。","ItoJ",id-ID,ja-JP
"Saya bisa berenang untuk pertama kalinya tahun ini.","今年はじめて泳げるようになりました。","ItoJ",id-ID,ja-JP
"Ada banyak orang di lift, jadi saya akan melewatinya.","エレベーターは人が多いので、かいだんでおります。","ItoJ",id-ID,ja-JP
"Aku sedih karena liburan musim panas akan berakhir besok.","明日夏休みがおわるので、さびしいです。","ItoJ",id-ID,ja-JP
"jenis musik apa yang kamu suka Saya suka klasik.","どんな音楽が好きですか？クラシックが好きです。","ItoJ",id-ID,ja-JP
"Aku ingin menjadi wanita yang kuat dan keren.","強くてかっこいい女になりたいです。","ItoJ",id-ID,ja-JP
"Maki-chan sangat feminin.","まきちゃんはとても女の子らしい。","ItoJ",id-ID,ja-JP
"Saya belum pernah ke luar negeri.","まだ外国へ行ったことがありません。","ItoJ",id-ID,ja-JP
"Anggota perusahaan saya merasa seperti keluarga.","わたしの会社のメンバーは家族のような感じです。","ItoJ",id-ID,ja-JP
"Saya tidak suka karena saya bosan.","かいだんはつかれるので、きらいです。","ItoJ",id-ID,ja-JP
"Shumatsu pergi berbelanja dengan Kareshi.","しゅうまつはかれしと買い物へ行きます。","ItoJ",id-ID,ja-JP
"Saya berencana membeli mobil bulan depan.","来月、車を買う予定です。","ItoJ",id-ID,ja-JP
"Buku perpustakaan harus dikembalikan dalam satu eksemplar.","としょかんの本は１しゅうかんで返さなければなりません。","ItoJ",id-ID,ja-JP
"Anak-anak harus sudah berada di rumah pada pukul 18:00.","こどもは午後６時までに帰りなさい。","ItoJ",id-ID,ja-JP
"Ibuku dan aku dikatakan memiliki wajah yang mirip.","わたしと母は顔がにていると言われます。","ItoJ",id-ID,ja-JP
"Pintunya terkunci.","このドアはかぎがかかっています。","ItoJ",id-ID,ja-JP
"Saya kehilangan kunci saya.","カギをなくしてしまいました。","ItoJ",id-ID,ja-JP
"Menulis kanji itu sulit.","かんじを書くことはむずかしいです。","ItoJ",id-ID,ja-JP
"apakah kamu siswa di sekolah ini?","あなたはこの学校の学生ですか？","ItoJ",id-ID,ja-JP
"Apakah Anda mengunci pintu ketika Anda meninggalkan rumah?","いえを出る時、カギをかけましたか？","ItoJ",id-ID,ja-JP
"Payung siapa itu? Ini milik John.","あのかさはだれのですか？ジョンさんのです。","ItoJ",id-ID,ja-JP
"Aku lupa hari ini. Bisakah kamu membantuku?","きょうかしょをわすれてしまいました。かしてくれませんか？","ItoJ",id-ID,ja-JP
"Saya memiliki dingin yang buruk hari ini.","今日はかぜがつよいです。","ItoJ",id-ID,ja-JP
"Harap berhati-hati agar tidak masuk angin.","かぜをひかないように気をつけてください。","ItoJ",id-ID,ja-JP
"Ada lima orang dalam keluarga saya. Ryoshin dan saya memiliki dua kakak laki-laki.","かぞくは５人です。りょうしんと、兄が２人います。","ItoJ",id-ID,ja-JP
"Apakah orang itu Philip? Ya itu.","あの方はフィリップさんですか。はい、そうです。","ItoJ",id-ID,ja-JP
"Bahasa Jepang memiliki romaji, hiragana, katakana, dan kanji.","日本語にはローマじとひらがなとカタカナとかんじがあります。","ItoJ",id-ID,ja-JP
"Setiap hari aku pergi ke sekolah bersama Yuki.","毎日ユキさんといっしょにあるいて学校へ行きます。","ItoJ",id-ID,ja-JP
"Ada sebuah supermarket saat Anda belok kanan di sudut kedua.","２つめのかどを右に曲がると、スーパーがあります。","ItoJ",id-ID,ja-JP
"Kanai berusia 30 tahun tahun ini.","かないはことし３０才です。","ItoJ",id-ID,ja-JP
"Ketika saya sedih, saya selalu mendengarkan musik favorit saya.","かなしいとき、いつも好きな音楽を聞きます。","ItoJ",id-ID,ja-JP
"Dia adalah orang yang tulus dan cantik.","かのじょはしんせつで、きれいな人です。","ItoJ",id-ID,ja-JP
"Saya mau tas hitam kecil.","小さくて黒いかばんがほしいです。","ItoJ",id-ID,ja-JP
"Saya membeli botol baru.","あたらしいかびんを買いました。","ItoJ",id-ID,ja-JP
"Panas di siang hari, jadi tolong pakai topi.","昼はあついですから、ぼうしをかぶってください。","ItoJ",id-ID,ja-JP
"Sepertinya Anda memiliki 10 rambut.","かみが１０まいひつようです。","ItoJ",id-ID,ja-JP
"Maria berambut panjang.","メアリーさんはかみが長い方です。","ItoJ",id-ID,ja-JP
"Ini adalah kamera yang sangat bagus, sehingga Anda dapat mengambil gambar yang bagus.","これはとてもいいカメラですから、いいしゃしんがとれます。","ItoJ",id-ID,ja-JP
"Harap buang sampah yang dapat dibakar pada hari Selasa dan Jumat.","もえるゴミは火よう日と金よう日にすててください。","ItoJ",id-ID,ja-JP
"Saya ingin makan makanan sederhana dan pedas.","わたしはかんこくでからい食べ物が食べたいです。","ItoJ",id-ID,ja-JP
"Shuumatsu, maukah kamu pergi karaoke denganku?","しゅうまつ、いっしょにカラオケへ行きませんか？","ItoJ",id-ID,ja-JP
"Penting untuk menjadi sehat baik secara fisik maupun mental.","からだも心もけんこうなことが大切です。","ItoJ",id-ID,ja-JP
"Anda dapat meminjam buku di perpustakaan.","としょかんでむりょうで本を借りることができますよ。","ItoJ",id-ID,ja-JP
"Anjing itu sepertinya kepanasan, jadi ayo pakai pendingin.","犬があつがっているようだから、クーラーをつけましょう。","ItoJ",id-ID,ja-JP
"Siapapun bisa memilikinya karena murah.","このにもつはかるいですから、だれでも持てます。","ItoJ",id-ID,ja-JP
"Dia orang Indonesia tapi sudah tinggal di Jepang selama 10 tahun.","かれはインドネシア人ですが、１０年間日本に住んでいます。","ItoJ",id-ID,ja-JP
"Nasi kari Jepang manis dan lezat.","日本のカレーライスはあまくておいしいです。","ItoJ",id-ID,ja-JP
"Saya harus membeli kalender tahun depan.","来年のカレンダーを買わなければなりません。","ItoJ",id-ID,ja-JP
"Bolehkah saya beristirahat di sungai itu? Tidak, saya tidak bisa karena saya sakit.","あの川でおよいでもいいですか。いいえ、きけんですからだめです。","ItoJ",id-ID,ja-JP
"Saya suka kucing karena mereka lucu dan baik hati.","ネコはかわいくてやさしいので大好きです。","ItoJ",id-ID,ja-JP
"Kanji itu sulit tapi menarik.","かんじはむずかしいですがおもしろいです。","ItoJ",id-ID,ja-JP
"Pohon itu berumur sekitar 100 tahun.","あの木は１００年くらい前からあります。","ItoJ",id-ID,ja-JP
"Di musim gugur, kartu pos ginkgo menjadi merah.","秋になると、イチョウのはがきいろくなります。","ItoJ",id-ID,ja-JP
"Saya ingin saputangan kuning.","きいろいハンカチがほしいです。","ItoJ",id-ID,ja-JP
"Kembang api dinyalakan dengan bersih dan dengan cepat menghilang.","花火はきれいにさいて、すぐに消えました。","ItoJ",id-ID,ja-JP
"Tolong dengarkan musik ini. Itu lagu yang sangat bagus.","この音楽を聞いてください。とてもいいうたですよ。","ItoJ",id-ID,ja-JP
"Semakin dingin saat Anda pergi ke utara.","北へ行くとさむくなります。","ItoJ",id-ID,ja-JP
"Saya bisa bermain gitar sedikit.","わたしはすこしギターをひくことができます。","ItoJ",id-ID,ja-JP
"Ini berantakan, jadi tolong bersihkan.","きたないですから、そうじしてください。","ItoJ",id-ID,ja-JP
"Mari kita bertemu di Kisaten pada hari Sabtu.","では土よう日にきっさてんで会いましょう。","ItoJ",id-ID,ja-JP
"Tolong kirimkan saya sepuluh perangko 84 yen.","８４円の切手を１０まいください。","ItoJ",id-ID,ja-JP
"Saya ingin membeli tiket dari sini ke Stasiun Tokyo.","ここから東京駅までのきっぷを買いたいです。","ItoJ",id-ID,ja-JP
"Hujan turun kemarin.","きのうは雨でさむかったです。","ItoJ",id-ID,ja-JP
"Teresa berusia sembilan tahun tahun ini.","テレサは今年９さいになりました。","ItoJ",id-ID,ja-JP
"Mana yang lebih kamu suka, daging sapi atau babi?","牛肉とぶた肉とどちらの方が好きですか？","ItoJ",id-ID,ja-JP
"Setelah minum susu Maiasa, saya pergi ke sekolah.","まいあさ牛乳を飲んでから学校へ行きます。","ItoJ",id-ID,ja-JP
"Cuaca bagus hari ini.","今日は天気がいいです。","ItoJ",id-ID,ja-JP
"Ada 25 siswa di kelas.","教室に学生が２５人います。","ItoJ",id-ID,ja-JP
"Apakah kamu memiliki saudara lelaki? Ya, saya punya paman.","兄弟がいますか？はい、おとうとがいます。","ItoJ",id-ID,ja-JP
"Tahun lalu, saya pergi ke Singapura bersama keluarga saya.","去年かぞくでシンガポールへりょこうに行きました。","ItoJ",id-ID,ja-JP
"Saya tidak suka sayuran karena rasanya pahit.","にがいですから、やさいがきらいです。","ItoJ",id-ID,ja-JP
"Pertama, potong tomat menjadi empat bagian.","まずトマトを４ぶんの１に切ります。","ItoJ",id-ID,ja-JP
"Saya sedang bekerja hari ini, jadi saya memakai jas.","今日は仕事ですから、スーツを着ます。","ItoJ",id-ID,ja-JP
"Hokkaido itu indah.","ほっかいどうはけしきがきれいです。","ItoJ",id-ID,ja-JP
"Bank adalah dari 9:00 pagi sampai 3:00 sore.","ぎんこうは午前９時から午後３時までです。","ItoJ",id-ID,ja-JP
"Apakah Anda ingin bermain pada Jumat malam?","金よう日の夜に遊びませんか？","ItoJ",id-ID,ja-JP
"Silakan minum obat saat Anda masuk angin.","かぜをひいたらくすりを飲んでください。","ItoJ",id-ID,ja-JP
"Tolong beri saya gaun itu dan tas itu.","その服と、あのかばんをください。","ItoJ",id-ID,ja-JP
"Sayuran dan buah-buahan baik untuk tubuh.","やさいやくだものはからだにいいです。","ItoJ",id-ID,ja-JP
"Tolong buka mulutmu.","口をあけてください。","ItoJ",id-ID,ja-JP
"Saya ingin sepatu yang gelap dan imut.","くろくてかわいいくつがほしいです。","ItoJ",id-ID,ja-JP
"Kamu lucu, bukan? – Ibuku membelikannya untukku.","かわいいくつしたですね。 – 母に買ってもらいました。","ItoJ",id-ID,ja-JP
"Yang mana negaramu? - Saya dari Filipina.","お国はどちらですか？- フィリピンです。","ItoJ",id-ID,ja-JP
"Hari ini mendung.","今日はくもりです。","ItoJ",id-ID,ja-JP
"Hari ini cerah, tapi mungkin mendung bukan.","今日ははれですが、ごごからくもるかもしれません。","ItoJ",id-ID,ja-JP
"Seberapa besar ruangan ini? Ayo hidupkan listrik.","このへやはくらいです。でんきをつけましょう。","ItoJ",id-ID,ja-JP
"Ada sepuluh wanita dan delapan pria di kelas.","クラスには女の人が１０人、男の人が８人います。","ItoJ",id-ID,ja-JP
"Bagaimana Anda datang ke sekolah setiap pagi?","毎朝どうやって学校へ来ていますか？","ItoJ",id-ID,ja-JP
"Saya membeli mobil Kyonen.","きょねん車を買いました。","ItoJ",id-ID,ja-JP
"Saya ingin membuat rambut saya hitam.","かみを黒くしたいです。","ItoJ",id-ID,ja-JP
"Mackerel kuda jenis apa kue hitam itu? - Ini cokelat.","黒いクッキーはどんなあじですか？ – チョコレートです。","ItoJ",id-ID,ja-JP
"Saya ingin menjadi murid yang baik.","しょうらいけいかんになりたいです。","ItoJ",id-ID,ja-JP
"Jika Anda pergi ke Keisatsusho ketika Anda masih kecil, Anda bisa diajari.","まいごのとき、けいさつしょへ行けば教えてもらえます。","ItoJ",id-ID,ja-JP
"Saya ingin membeli ponsel Keitai baru.","あたらしいけいたいでんわを買いたいです。","ItoJ",id-ID,ja-JP
"Saya membuat kue ulang tahun untuk saya.","たんじょうびにケーキを作ってもらいました。","ItoJ",id-ID,ja-JP
"Ayah saya suka game.","おとうとはゲームが大好きです。","ItoJ",id-ID,ja-JP
"Saya makan pancake pagi ini.","けさパンケーキを食べました。","ItoJ",id-ID,ja-JP
"Aku lupa Keshigomu. Apa yang harus saya lakukan?","けしごむをわすれました。どうしたらいいですか？","ItoJ",id-ID,ja-JP
"Saya tidak membutuhkan data itu, jadi tolong hapus.","そのデータはひつようないですから、消しておいてください。","ItoJ",id-ID,ja-JP
"Bagaimana Anda ingin minum teh? - Tidak terima kasih.","お茶はいかがですか？ – けっこうです。","ItoJ",id-ID,ja-JP
"Bulan lalu, adik perempuan saya menikah.","先月、いもうとがけっこんしました。","ItoJ",id-ID,ja-JP
"Getsuyoubi adalah hari untuk membakar sampah.","げつようびはもえるゴミの日です。","ItoJ",id-ID,ja-JP
"Itu selalu lebih baik untuk membersihkan rumah bersih.","げんかんはいつもきれいにそうじしたほうがいいです。","ItoJ",id-ID,ja-JP
"Seorang anak laki-laki yang sehat lahir.","元気な男の子が生まれました。","ItoJ",id-ID,ja-JP
"Kami memiliki dua anak.","うちには子どもが２人います。","ItoJ",id-ID,ja-JP
"Tolong, lima apel.","りんごを五つください。","ItoJ",id-ID,ja-JP
"Mari kita bertemu jam 3 besok di depan Koen.","明日はこうえんのまえで３じに会いましょう。","ItoJ",id-ID,ja-JP
"Silakan belok kanan di Kousaten berikutnya.","つぎのこうさてんを右へ曲がってください。","ItoJ",id-ID,ja-JP
"Kopi pahit, tapi saya suka Kocha.","コーヒーはにがてですが、こうちゃはすきです。","ItoJ",id-ID,ja-JP
"Ada Koban kecil di dekat Ekinoko.","えきのちかくに小さなこうばんがあります。","ItoJ",id-ID,ja-JP
"Katakan halo dengan suara keras.","大きなこえであいさつしてください。","ItoJ",id-ID,ja-JP
"Musim dingin di Jepang sangat dingin, jadi Anda membutuhkan mantel.","日本の冬はさむいですから、コートが必要です。","ItoJ",id-ID,ja-JP
"Apakah Anda ingin minum kopi di kafe?","カフェでコーヒーをのみませんか？","ItoJ",id-ID,ja-JP
"Dibutuhkan sekitar 10 menit dari sini ke sekolah dengan kereta api.","ここから学校までじてんしゃで１０分くらいです。","ItoJ",id-ID,ja-JP
"Maaf, tapi aku tidur siang.","すみません、ねつがありますからごごは休んでもいいですか。","ItoJ",id-ID,ja-JP
"Tanggal 9 September hari apa? - Ini bagus.","九月九日は何の日ですか？ – ちょうようのせっくです。","ItoJ",id-ID,ja-JP
"Apakah Miki-chan berusia sembilan tahun kemarin? selamat.","みきちゃんはきのう九つになったの？おめでとう。","ItoJ",id-ID,ja-JP
"Bagaimana suamimu? - Ya terima kasih.","ご主人はお元気ですか？ – ええ、おかげさまで。","ItoJ",id-ID,ja-JP
"Supermarket itu buka dari jam 9:00 sampai 8:00.","あのスーパーはごぜん９じからごご８じまでです。","ItoJ",id-ID,ja-JP
"Angkat tangan Anda ketika Anda tidak tahu jawabannya.","こたえがわからないとき、手をあげてください。","ItoJ",id-ID,ja-JP
"Tolong jawab ketika nama Anda dipanggil.","なまえをよばれたこたえてください。","ItoJ",id-ID,ja-JP
"Mana yang lebih Anda sukai, di sini atau di sana?","こちらとそちらと、どちらの方が好きですか？","ItoJ",id-ID,ja-JP
"Di sana berbahaya, jadi datanglah ke sini.","そこはあぶないからこっちにおいで。","ItoJ",id-ID,ja-JP
"Aku menjatuhkan cangkirnya.","コップをおとしてわってしまいました。","ItoJ",id-ID,ja-JP
"Apa hobimu? - Bermain sepakbola.","しゅみはなんですか？ – サッカーをすることです。","ItoJ",id-ID,ja-JP
"Banyak yang terjadi tahun ini, tapi itu adalah tahun yang sangat baik.","ことしはいろいろなことがありましたが、とてもいい１年でした。","ItoJ",id-ID,ja-JP
"Kata-kata N5 sangat sulit.","N５のことばがおおくてたいへんです。","ItoJ",id-ID,ja-JP
"Anak-anak memiliki pekerjaan untuk dimainkan.","子どもたちはあそぶことがしごとです。","ItoJ",id-ID,ja-JP
"Film ini bagus. Saya sangat kesal.","このえいがはいいえいがです。とてもかんどうします。","ItoJ",id-ID,ja-JP
"Apa yang Anda inginkan untuk makan malam? – Saya ingin makan makanan Thailand.","ばんごはんは何がいいですか？ – タイ料理が食べたいです。","ItoJ",id-ID,ja-JP
"Jika Anda memiliki masalah, jangan ragu untuk menghubungi kami.","こまったことがあればいつでもれんらくしてくださいね。","ItoJ",id-ID,ja-JP
"apa ini? – Ini adalah kalung ibuku.","これはなんですか？ – それは母のネックレスです。","ItoJ",id-ID,ja-JP
"Ketika saya berusia tujuh tahun, saya memiliki seorang adik perempuan.","わたしが７さいのころ、いもうとができました。","ItoJ",id-ID,ja-JP
"Acara ini akan diadakan pada tanggal 20 bulan ini.","今月の２０日にイベントをひらきます。","ItoJ",id-ID,ja-JP
"Saat ini hanya ada sedikit tangga.","こんしゅうはしごとが少ないです。","ItoJ",id-ID,ja-JP
"Sampai jumpa lain waktu.","じゃ、またこんど。","ItoJ",id-ID,ja-JP
"Saya belum pernah makan daun bawang yang begitu lezat.","こんなにおいしいりょうりは食べたことがありません。","ItoJ",id-ID,ja-JP
"Apakah Anda ingin pergi ke selamat malam saja? – Permisi, hari ini sedikit…","こんばんのみに行きませんか？ – すみません、今日はちょっと…。","ItoJ",id-ID,ja-JP
"Saya selalu membeli makan siang di minimarket.","お昼ごはんはいつもコンビニで買っています。","ItoJ",id-ID,ja-JP
"Komuter ini besar dan sulit digunakan.","このコンミューターはふるくて、つかいにくいです。","ItoJ",id-ID,ja-JP
"Saya tidak akan belajar malam ini dan akan segera tidur.","今夜はべんきょうせずに、すぐねます。","ItoJ",id-ID,ja-JP
"baiklah, ayo pergi.","さあ、行きましょう。","ItoJ",id-ID,ja-JP
"Ibuku membuatkanku dompet.","母がさいふを作ってくれました。","ItoJ",id-ID,ja-JP
"Kota ini dekat dengan laut, jadi ikannya enak.","この町は海が近いので、さかながおいしいです。","ItoJ",id-ID,ja-JP
"Ada sebuah rumah di ujung jalan ini.","このみちの先にうちがあります。","ItoJ",id-ID,ja-JP
"Di musim semi, bunga sakura bermekaran.","春になると、さくらがさきます。","ItoJ",id-ID,ja-JP
"Saya menulis esai setiap hari, jadi bahasa Jepang saya meningkat.","毎日作文を書いていたので、日本語が上手になりました。","ItoJ",id-ID,ja-JP
"Ketika saya pergi ke Jepang, saya ingin melihat bunga sakura.","日本へ行ったら、さくらが見たいです。","ItoJ",id-ID,ja-JP
"Hujan, jadi mari kita memasang payung.","雨がふっているのでかさをさしましょう。","ItoJ",id-ID,ja-JP
"Saya suka menonton sepak bola.","わたしはサッカーを見ることが好きです。","ItoJ",id-ID,ja-JP
"Adik perempuan saya membeli majalah mode setiap bulan.","いもうとは毎月ファッションのざっしを買っています。","ItoJ",id-ID,ja-JP
"Apakah Anda memasukkan gula dan susu ke dalam kopi Anda? - Ya silahkan.","コーヒーにはさとうとミルクを入れますか？ – はい、おねがいします。","ItoJ",id-ID,ja-JP
"Semakin dingin dan semakin dingin. Ini hampir musim dingin.","だんだんさむくなってきました。もうすぐ冬です。","ItoJ",id-ID,ja-JP
"Saya akan belajar di luar negeri di Kanada mulai April dan seterusnya.","さらいねんの４月からカナダでりゅうがくするよていです。","ItoJ",id-ID,ja-JP
"Saya akan mulai universitas pada bulan Maret.","三月に大学をそつぎょうします。","ItoJ",id-ID,ja-JP
"Saya berjalan-jalan dengan anjing dan kinjo saya setiap hari.","毎日犬ときんじょをさんぽします。","ItoJ",id-ID,ja-JP
"Populasi Kota Chiba adalah sekitar 970.000.","ちば市の人口は９７万人くらいです。","ItoJ",id-ID,ja-JP
"Lift ini untuk empat orang.","このエレベーターは四名のりです。","ItoJ",id-ID,ja-JP
"Enaknya menangkap ikan, ditaburi garam, dan dipanggang.","さかなをつって、塩をかけて、やいて食べるとおいしいです。","ItoJ",id-ID,ja-JP
"Saya orang Jepang. Namun, perasaannya buruk.","わたしは日本人です。しかし、かんじはにがてです。","ItoJ",id-ID,ja-JP
"8:00 adalah waktu makan malam. Semua orang silakan bergabung dengan kami.","８じはばんごはんの時間です。みなさんじゅんびしてください。","ItoJ",id-ID,ja-JP
"Pekerjaannya sibuk tapi menarik.","しごとはいそがしいですが、おもしろいです。","ItoJ",id-ID,ja-JP
"Saat mempelajari bahasa asing, itu penting.","外国語の勉強をするときは、じしょがひつようです。","ItoJ",id-ID,ja-JP
"Jepang adalah negara yang tenang.","日本はしずかな国です。","ItoJ",id-ID,ja-JP
"Tolong jangan membuang sampah di bawah meja.","テーブルの下にゴミをすてないでください。","ItoJ",id-ID,ja-JP
"7 Juli adalah Tanabata.","七月七日はたなばたです。","ItoJ",id-ID,ja-JP
"Jika Anda memiliki pertanyaan, silakan tinggalkan komentar.","しつもんがあれば、コメントしてください。","ItoJ",id-ID,ja-JP
"Ketika saya berusia 5 tahun, saya bisa mengendarai gym.","５さいの時、じてんしゃにのれるようになりました。","ItoJ",id-ID,ja-JP
"Ini nyaman bagi saya, tapi saya takut.","じどうしゃはべんりですが、きけんです。","ItoJ",id-ID,ja-JP
"Tiga tahun lalu, Sofu jatuh sakit.","３年前、そふが病気でしにました。","ItoJ",id-ID,ja-JP
"Anda dapat membawa milik Anda sendiri.","自分のにもつは自分で持てます。","ItoJ",id-ID,ja-JP
"Bank tutup pada jam 3 sore.","ぎんこうはごご３じに閉まります。","ItoJ",id-ID,ja-JP
"Harap tutup pintu saat Anda membukanya.","ドアを開けたら閉めてください。","ItoJ",id-ID,ja-JP
"Kalau begitu, ayo kita bertemu di depan stasiun jam 6 besok.","じゃあ、明日は６じにえきの前で会いましょう。","ItoJ",id-ID,ja-JP
"Pensil mekanik saya patah. Bisakah kamu membantuku?","シャープペンシルがこわれました。かしてくれませんか？","ItoJ",id-ID,ja-JP
"Saya suka mengambil gambar yang indah.","きれいなしゃしんをとるのが好きです。","ItoJ",id-ID,ja-JP
"Bajuku kotor. Anda harus membersihkannya dengan cepat.","シャツがよごれてしまいました。はやくせんたくした方がいいです。","ItoJ",id-ID,ja-JP
"Setelah mandi, aku pergi tidur.","シャワーをあびてから、ねます。","ItoJ",id-ID,ja-JP
"Saya harus tidur selama sepuluh hari.","十日間にゅういんしなければなりません。","ItoJ",id-ID,ja-JP
"Saya suka jus apel.","りんごジュースが好きです。","ItoJ",id-ID,ja-JP
"Saya suka kelas Pak Tanaka karena sangat menarik.","田中先生のじゅぎょうはとてもおもしいので好きです。","ItoJ",id-ID,ja-JP
"Kelas ini memiliki banyak kelas, tetapi saya belajar banyak.","このクラスはしゅくだいが多いですが、とても勉強になります。","ItoJ",id-ID,ja-JP
"Kanojo telah belajar piano selama delapan tahun, jadi dia pandai bermain piano.","かのじょは８年間ピアノをならっているので、ピアノが上手です。","ItoJ",id-ID,ja-JP
"Meja ini mahal, tapi sangat kokoh.","このテーブルはたかかったですが、とてもじょうぶです。","ItoJ",id-ID,ja-JP
"Ryori Jepang biasanya menggunakan kecap.","日本りょうりはだいたいしょうゆを使っています。","ItoJ",id-ID,ja-JP
"Semuanya terasa lebih enak ketika Anda makan dengan seseorang yang Anda cintai.","好きな人と食事をすると、何でもおいしく感じられます。","ItoJ",id-ID,ja-JP
"Di mana saya bisa menemukan tempat makan? – Terletak di lantai 2.","食堂はどこですか？ – ２かいにあります。","ItoJ",id-ID,ja-JP
"Apa yang kamu ketahui tentang Jepang? – Ya, ada Fuji-san di Jepang.","日本について何か知っていますか？ – はい、日本にふじさんがあります。","ItoJ",id-ID,ja-JP
"Anjing ini berwarna putih, jadi saya beri nama ""Shiro"".","この犬は白色なので、「シロ」という名前にしました。","ItoJ",id-ID,ja-JP
"Saya suka nasi putih.","白いごはんが大好きです。","ItoJ",id-ID,ja-JP
"Jangan menyeberang saat lampu lalu lintas berwarna merah.","信号が赤の時、わたらないでください。","ItoJ",id-ID,ja-JP
"Saya selalu ingin menjadi orang yang tulus.","わたしはいつもしんせつな人になりたいです。","ItoJ",id-ID,ja-JP
"Ayah saya bepergian ke luar negeri sendirian, jadi saya sangat lelah.","おとうとが１人で海外旅行へ行くので、とてもしんぱいです。","ItoJ",id-ID,ja-JP
"Saya membaca shinbun setiap pagi, minum kopi, dan pergi bekerja.","毎朝しんぶんを読んで、コーヒーを飲んで、仕事へ行きます。","ItoJ",id-ID,ja-JP
"Aku buruk dalam berenang. Saya tidak bisa berenang sama sekali.","わたしは水泳がにがてです。ぜんぜん泳げません。","ItoJ",id-ID,ja-JP
"Hari air adalah hari untuk membuang botol.","水よう日はあきかんとビンをすてる日です。","ItoJ",id-ID,ja-JP
"Merokok buruk bagi kesehatan.","タバコをすうとけんこうに悪いです。","ItoJ",id-ID,ja-JP
"Setelah bekerja, saya akan membeli makanan di supermarket sebelum pulang.","しごとの後で、スーパーでたべものを買ってから帰ります。","ItoJ",id-ID,ja-JP
"Saya suka rok mini. Dingin, tapi manis.","ミニスカートが好きです。さむいですが、かわいいですから。","ItoJ",id-ID,ja-JP
"Apa makanan favorit Anda? – Ini adalah sushi.","好きな食べ物はなんですか？ – すしです。","ItoJ",id-ID,ja-JP
"Bisakah Anda datang dan menjemput saya pada jam 5? - Oke.","５じすぎにむかえにくてくれませんか？ – オッケーです。","ItoJ",id-ID,ja-JP
"Saya pergi ke Hokkaido untuk bermain ski.","せんしゅう、スキーをしにほっかいどうへ行きました。","ItoJ",id-ID,ja-JP
"Saikin Jepang semakin berkurang.","さいきん日本でわかものが少なくなってきました。","ItoJ",id-ID,ja-JP
"Jika Anda memiliki masalah, harap segera perbaiki.","もんだいがあれば、すぐにほうこくしてください。","ItoJ",id-ID,ja-JP
"Aku lapar, jadi bisakah aku makan makanan ringan?","おなかがすいたので、おかしをすこしだけ食べてもいいですか？","ItoJ",id-ID,ja-JP
"Musim gugur adalah cuaca yang sejuk.","あきはすずしいきせつです。","ItoJ",id-ID,ja-JP
"Silakan daftarkan satu siswa pada satu waktu.","学生は１人ずつじこしょうかいしてください。","ItoJ",id-ID,ja-JP
"Berbahaya keluar dengan kompor menyala.","ストーブをつけたまま出かけるとあぶないです。","ItoJ",id-ID,ja-JP
"Saya akan berpartisipasi dalam kontes pidato bulan depan.","来月、スピーチコンテストにさんかします。","ItoJ",id-ID,ja-JP
"Cicipi sup dengan sendok.","スプーンでスープをのみます。","ItoJ",id-ID,ja-JP
"Jenis olahraga apa yang kamu suka? Saya menyukai sepak bola.","どんなスポーツがすきですか？サッカーがすきです。","ItoJ",id-ID,ja-JP
"Tolong kenakan celana yang nyaman besok.","あしたはうごきやすいズボンで来てください。","ItoJ",id-ID,ja-JP
"Ngomong-ngomong, saya ingin tinggal di luar negeri.","しょうらい、海外に住みたいです。","ItoJ",id-ID,ja-JP
"Sandal ini adalah saringan, jadi saya ingin membuangnya.","このスリッパはふるいので、すてたいです。","ItoJ",id-ID,ja-JP
"Ayo bermain bersama besok. ""Bagus. Apa yang harus kita lakukan?""","「明日いっしょに遊ぼうよ。」「いいね。何をしようか？」","ItoJ",id-ID,ja-JP
"Silahkan Duduk.","どうぞ、座ってください。","ItoJ",id-ID,ja-JP
"Banyak orang Jepang yang pendek.","日本人は背がひくい人がおおいです。","ItoJ",id-ID,ja-JP
"Ada 20 orang di kelas ini.","このクラスのせいとは２０人です。","ItoJ",id-ID,ja-JP
"Sweter itu lucu. dimana kamu membeli itu","そのセーターかわいいですね。どこで買ったんですか？","ItoJ",id-ID,ja-JP
"Sesampainya di rumah, cuci tangan dengan sabun terlebih dahulu.","うちへ帰ったら、まずせっけんで手を洗いましょう。","ItoJ",id-ID,ja-JP
"Kamar ini kecil, tapi nyaman.","このへやはせまいですが、便利です。","ItoJ",id-ID,ja-JP
"Koktail ini bebas alkohol, jadi anak-anak pun akan menyukainya.","このカクテルはアルコールゼロですから、子どもものめますよ。","ItoJ",id-ID,ja-JP
"Anak saya membantu saya, jadi saya memberinya 1.000 yen.","むすこがお手伝いをしたので、千円をあげた。","ItoJ",id-ID,ja-JP
"Bulan lalu, saya melakukan perjalanan ke Koibito dan Kyoto.","先月、こいびとときょうとへ旅行に行きました。","ItoJ",id-ID,ja-JP
"Saya sibuk bekerja minggu lalu.","先週は仕事がいそがしかった。","ItoJ",id-ID,ja-JP
"Kakak perempuan saya adalah seorang guru di sekolah bahasa Jepang.","わたしのあねは日本語学校の先生です。","ItoJ",id-ID,ja-JP
"Saya tidak punya uang sama sekali.","お金がぜんぜんありません。","ItoJ",id-ID,ja-JP
"Saya mencuci pakaian saya tiga kali seminggu.","１週間に３回せんたくをします。","ItoJ",id-ID,ja-JP
"Setelah sekolah selesai, Anda bisa keluar untuk bermain.","しゅくだいが全部おわってから、遊びに行ってもいいです。","ItoJ",id-ID,ja-JP
"Aku mengalami hari yang buruk kemarin. ""Begitu.""","「昨日はたいちょうがわるかったんです。」「そうだったんですね。」","ItoJ",id-ID,ja-JP
"Tolong bersihkan kamar dengan rapi dan bersih.","部屋をきちんときれいにきれいにそうじしてください。","ItoJ",id-ID,ja-JP
"Saya akan melakukan pekerjaan ini untuk Anda. ""Ya, silakan.""","「この仕事をやっておきますね。」「はい、そうしてください。」","ItoJ",id-ID,ja-JP
"Ada sebuah restoran Italia di sana.","イタリアンレストランはそこにあります。","ItoJ",id-ID,ja-JP
"Saya pergi berbelanja dengan Tanaka. Dan saya tahu rahasia Tuan Tanaka.","田中さんとショッピングへ行った。そして、田中さんのひみつを知った。","ItoJ",id-ID,ja-JP
"Siapa kamu? ""Ini ayahku.""","「そちらの方はどなたですか？」「こちらは私の父です。」","ItoJ",id-ID,ja-JP
"Ada apa di sana? ""Tidak ada.""","「そっちには何があるの？」「何もないよ。」","ItoJ",id-ID,ja-JP
"Ada orang di luar rumah saya yang tidak saya kenal.","うちの外に知らない人がいます。","ItoJ",id-ID,ja-JP
"Jangan buka pintu tua itu.","その古いドアを開けてはいけません。","ItoJ",id-ID,ja-JP
"Anak-anak harus tinggal bersama orang dewasa.","子どもは大人のそばにいてください。","ItoJ",id-ID,ja-JP
"Langit semakin gelap dan semakin gelap.","空がだんだん暗くなってきました。","ItoJ",id-ID,ja-JP
"Apa itu? ""Ini kalung ibuku.""","「それはなんですか。」「これはわたしの母のネックレスです。」","ItoJ",id-ID,ja-JP
"Tiga tahun lalu, saya pergi ke kebun binatang untuk pertama kalinya. Kemudian saya jatuh cinta dengan kebun binatang.","３年前、初めて動物園へ行った。それから動物園が大好きになった。","ItoJ",id-ID,ja-JP
"Mari kita mulai upacara masuk.","それでは、入学式を始めましょう。","ItoJ",id-ID,ja-JP
"Setelah lulus SMA, saya berencana melanjutkan ke universitas di Tokyo.","高校を卒業したら、東京の大学へ行く予定です。","ItoJ",id-ID,ja-JP
"Dapatkan visa di kedutaan.","大使館でビザをもらいます。","ItoJ",id-ID,ja-JP
"“Pasti sulit dengan jiko besar.” “Aku baru saja terluka.","「大きなじこにあって大変でしたね。」「ケガをしただけです。だいじょうぶです。」","ItoJ",id-ID,ja-JP
"Saya suka makanan buatan ibu saya.","わたしは母が作る料理が大好きです。","ItoJ",id-ID,ja-JP
"Selalu bawa sesuatu yang penting bersamamu.","大切なものはいつも持っていてください。","ItoJ",id-ID,ja-JP
"Tuan Yamamoto, ini agak terlambat.","「山本さん、ちこくですね。」「こういうときはたいていねぼうです。」","ItoJ",id-ID,ja-JP
"Rumah baru memiliki dapur yang besar dan bersih.","あたらしい家は台所が広くてきれいです。","ItoJ",id-ID,ja-JP
"Hidup itu panjang dan ada banyak tantangan.","人生は長いので、大変なことがいろいろあります。","ItoJ",id-ID,ja-JP
"Fujisan adalah gunung tertinggi di Jepang.","日本で１ばん高い山はふじさんです。","ItoJ",id-ID,ja-JP
"Ada banyak orang di Tokyo.","東京に人がたくさんいます。","ItoJ",id-ID,ja-JP
"Saya tidak mampu membeli mobil, jadi saya selalu naik taksi.","わたしは車がうんてんできないので、いつもタクシーを使います。","ItoJ",id-ID,ja-JP
"Tolong letakkan pelajaran di atas meja.","机の上にきょうかしょを出してください。","ItoJ",id-ID,ja-JP
"Jangan berdiri di tengah lapangan.","じゅぎょう中に立たないでください。","ItoJ",id-ID,ja-JP
"Ada banyak bangunan tua dan indah di Kyoto.","きょうとにはふるくてきれいなたてものが多いです。","ItoJ",id-ID,ja-JP
"Saya memiliki banyak kenangan indah tentang liburan musim panas saya.","夏休みはたのしい思い出がたくさんあります。","ItoJ",id-ID,ja-JP
"Jika Anda buntu, minta bantuan guru Anda.","こまったときは、先生にたのんでください。","ItoJ",id-ID,ja-JP
"Anak-anak tidak diperbolehkan merokok di Jepang.","日本で子どもはタバコをすってはいけません。","ItoJ",id-ID,ja-JP
"Mungkin besok akan ada badai dan sekolah akan ditutup.","たぶん明日はたいふうが来て、学校が休みになります。","ItoJ",id-ID,ja-JP
"Makanan apa yang kamu suka? ""Aku suka buah-buahan seperti stroberi dan jeruk.""","「どんな食べ物が好き？」「いちごやみかんなどのフルーツが好きです。」","ItoJ",id-ID,ja-JP
"Harap cuci tangan sebelum makan.","たべる前に手をあらってください。","ItoJ",id-ID,ja-JP
"Saya makan telur dan roti di pagi hari.","朝はたまごとパンを食べました。","ItoJ",id-ID,ja-JP
"Siapa yang datang kemarin?","きのううちに来たのはだれですか？","ItoJ",id-ID,ja-JP
"Seseorang tolong bantu!","だれか助けてください！","ItoJ",id-ID,ja-JP
"Ulang tahun saya 10 Januari 2000.","わたしのたんじょうびは２０００年１月１０日です。","ItoJ",id-ID,ja-JP
"Musim semi telah tiba dan semakin hangat.","春になり、だんだんあたたかくなってきました。","ItoJ",id-ID,ja-JP
"Ketika saya masih kecil, saya ingin menjadi balerina.","小さいころ、バレリーナになりたかったんです。","ItoJ",id-ID,ja-JP
"Saya tidak suka keju, jadi saya tidak mau makan pizza.","チーズがあまり好きじゃないので、ピザは食べたくないです。","ItoJ",id-ID,ja-JP
"Sekolahnya dekat rumahku.","うちと学校は近いです。","ItoJ",id-ID,ja-JP
"salah. itu bukan aku","違います。それはわたしじゃありません。","ItoJ",id-ID,ja-JP
"Supermarket dekat sekolah murah dan nyaman.","学校の近くのスーパーは安くて便利です。","ItoJ",id-ID,ja-JP
"Saya pergi ke sekolah menengah dengan kereta bawah tanah setiap hari.","毎日地下鉄で高校へ通っています。","ItoJ",id-ID,ja-JP
"Saya akan pergi ke Tokyo bulan depan, jadi saya membeli tiket pesawat.","来月、東京へ行くので、ひこうきのチケットを買いました。","ItoJ",id-ID,ja-JP
"Saya suka melihat peta dunia.","世界地図を見るのが好きです。","ItoJ",id-ID,ja-JP
"Ayah saya penuh hormat, tetapi terkadang kasar.","わたしの父はしんせつですが、ときどききびしいです。","ItoJ",id-ID,ja-JP
"Anjing saya berwarna coklat, kecil, dan sangat lucu.","わたしの犬はちゃいろで、小さくて、とてもかわいいです。","ItoJ",id-ID,ja-JP
"Ayo atur chawan sebelum makan.","食事の前にちゃわんをならべましょう。","ItoJ",id-ID,ja-JP
"Semakin dingin dan semakin dingin, jadi lengan panjang sudah pas.","だんだん寒くなってきたので、ながそでがちょうどいい。","ItoJ",id-ID,ja-JP
"Saya mendapat cokelat untuk Hari Valentine.","バレンタインデーにチョコレートをもらった。","ItoJ",id-ID,ja-JP
"Pakaian yang saya beli kemarin sedikit mahal, tapi sangat bagus.","昨日買った服はちょっと高かったが、とてもすてきだ。","ItoJ",id-ID,ja-JP
"Setiap tahun pada tanggal 1 Januari, keluarga saya pergi ke Jinja.","毎年１月１日はかぞくでじんじゃへ行きます。","ItoJ",id-ID,ja-JP
"Jika Anda diberi satu juta yen sekarang, apa yang akan Anda lakukan dengannya?","もし今１００万円もらったら、何につかいますか？","ItoJ",id-ID,ja-JP
"Saya sudah belajar dari pagi sampai malam hari ini, jadi saya benar-benar lelah.","今日はあさから夜までずっと勉強していたので、とてもつかれました。","ItoJ",id-ID,ja-JP
"Kapan kita bisa bertemu lain kali? ""Kita bisa bertemu di akhir pekan.""","「次はいつ会える？」「週末に会えるよ。」","ItoJ",id-ID,ja-JP
"Kereta ini dijadwalkan tiba di Stasiun Tokyo pada pukul 10:35.","この電車は１０時３５分に東京駅に着く予定です。","ItoJ",id-ID,ja-JP
"Saya lega karena listrik sudah menyala.","電気がついたので、安心した。","ItoJ",id-ID,ja-JP
"Meja ini terbuat dari kayu Swiss, sehingga kokoh.","この机はスイスの木でできているので、じょうぶだ。","ItoJ",id-ID,ja-JP
"Adikku pandai membuat kue.","妹はケーキを作るのが上手だ。","ItoJ",id-ID,ja-JP
"Kamar ini gelap, jadi tolong nyalakan lampunya.","この部屋は暗いので、電気をつけてください。","ItoJ",id-ID,ja-JP
"Saya telah bekerja di perusahaan ini sejak saya lulus dari universitas.","大学を卒業してから今までずっとこの会社に勤めています。","ItoJ",id-ID,ja-JP
"Game ini populer, tapi membosankan.","このゲームは人気ですが、つまらなかった。","ItoJ",id-ID,ja-JP
"Es krim dingin sangat enak di musim panas.","夏は冷たいアイスクリームがとてもおいしい。","ItoJ",id-ID,ja-JP
"Saya ingin menjadi lebih kuat, jadi saya mulai berlatih.","強くなりたいので、トレーニングを始めた。","ItoJ",id-ID,ja-JP
"Saya melukai tangan kanan saya, jadi hidup saya telah berubah.","右手をケガしてしまったので、生活がふべんだ。","ItoJ",id-ID,ja-JP
"Aku kehabisan rekaman. Aku akan pergi membeli","テープがなくなりました。買いに行きます。","ItoJ",id-ID,ja-JP
"Tolong jangan menaruh sampah di atas meja.","テーブルの上にゴミを置かないでください。","ItoJ",id-ID,ja-JP
"Shuumatsu berencana untuk berkencan dengan kekasihnya.","しゅうまつは恋人とでかける予定です。","ItoJ",id-ID,ja-JP
"Saya menulis surat kepada teman SMP saya setiap bulan.","中学の友人に毎月手紙を書いています。","ItoJ",id-ID,ja-JP
"Saya dulu tinggal di luar negeri, jadi saya bisa berbicara bahasa Inggris sederhana.","海外に住んでいたので、かんたんな英語ができます。","ItoJ",id-ID,ja-JP
"Pintu keluar ada di sana.","出口はあちらです。","ItoJ",id-ID,ja-JP
"Tesnya minggu depan. tolong siapkan.","テストは来週です。準備してください。","ItoJ",id-ID,ja-JP
"Ketika saya masih mahasiswa, saya berada di klub tenis.","学生の時、テニス部に入っていました。","ItoJ",id-ID,ja-JP
"Mari kita mulai.","では、始めましょう。","ItoJ",id-ID,ja-JP
"Setiap kali saya pergi ke department store, saya selalu pergi ke kafe itu.","デパートへ行くと、かならずあのカフェへ行く。","ItoJ",id-ID,ja-JP
"Komputer ini murah. Tapi itu rusak.","このパソコンは安い。でもこわれている。","ItoJ",id-ID,ja-JP
"Saat Anda meninggalkan ruangan ini, Anda akan menerima suvenir.","この部屋を出る時、おみやげがもらえます。","ItoJ",id-ID,ja-JP
"Saya membeli TV di toko elektronik itu minggu lalu.","先週、あの電気屋でテレビを買った。","ItoJ",id-ID,ja-JP
"Periksa prakiraan cuaca sebelum berangkat.","出かける前に、天気予報を確認しましょう。","ItoJ",id-ID,ja-JP
"Anda harus menyalakan lampu saat belajar.","勉強するときは電気をつけたほうがいい。","ItoJ",id-ID,ja-JP
"Tolong jangan makan siang di kereta.","電車の中で弁当を食べないでください。","ItoJ",id-ID,ja-JP
"Berbahaya berjalan sambil bertelepon.","電話しながら歩くのは危険です。","ItoJ",id-ID,ja-JP
"Pintu ini akan terbuka. tolong dicatat.","こちらのドアが開きます。ご注意ください。","ItoJ",id-ID,ja-JP
"Toiletnya ada di sana.","トイレはあちらです。","ItoJ",id-ID,ja-JP
"Bagaimana kamu menyukai gaun ini? ""Itu lucu.""","「この服はどうですか？」「かわいいですね。」","ItoJ",id-ID,ja-JP
"Mengapa orang Jepang makan soba pada tanggal 31 Desember?","どうして日本人は１２月３１日にそばを食べるんですか？","ItoJ",id-ID,ja-JP
"Ini perasaanku. Tolong. ""Terima kasih.""","「これ、気持ちです。どうぞ。」「ありがとうございます。」","ItoJ",id-ID,ja-JP
"Di antara binatang, saya paling suka kucing.","動物の中でネコが１ばん好きです。","ItoJ",id-ID,ja-JP
"Ketika saya pergi ke kebun binatang, saya ingin menyentuh seekor gajah.","動物園へ行ったら、ゾウにさわりたいと思っています。","ItoJ",id-ID,ja-JP
"Sudah lama sekali. ""Oh, terima kasih.""","「お久しぶりです。」「あ、どうも。」","ItoJ",id-ID,ja-JP
"Amerika jauh, jadi saya tidak bisa pergi ke sana.","アメリカは遠いので、なかなか行けない。","ItoJ",id-ID,ja-JP
"Sepertinya butuh sekitar sepuluh hari untuk mengirim paket dari sini ke China.","ここから中国へ荷物を送るのに、十日くらいかかるらしい。","ItoJ",id-ID,ja-JP
"Jika Anda ingin belajar bahasa Jepang, silakan hubungi orang ini.","日本語を勉強したいとき、この方に連絡してください。","ItoJ",id-ID,ja-JP
"Terkadang saya ingin makan makanan Vietnam.","ときどきベトナム料理が食べたくなります。","ItoJ",id-ID,ja-JP
"“Kamu jago belajar apa?” ​​“Aku jago matematika.”","「なんの勉強がとくいですか？」「数学がとくいです。」","ItoJ",id-ID,ja-JP
"Saya mendapat jam tangan mahal dari ayah saya pada hari ulang tahun saya.","たんじょうびに父から高い時計をもらった。","ItoJ",id-ID,ja-JP
"Mau kemana hari Minggu? ""Aku mau pergi ke Bijutsukan.""","「日よう日はどこへ行きたいですか？」「びじゅつかんへ行きたいです。」","ItoJ",id-ID,ja-JP
"Saya ingin tinggal di tempat yang hangat sepanjang tahun.","１年中あたたかいところに住みたいです。","ItoJ",id-ID,ja-JP
"Putri yang manis bukan? Berapa usiamu?","かわいいむすめさんですね。年はおいくつですか？","ItoJ",id-ID,ja-JP
"Sepulang sekolah, saya selalu belajar di perpustakaan.","学校がおわった後で、いつも図書館で勉強しています。","ItoJ",id-ID,ja-JP
"Pilih mana, merah atau biru?","赤と青とどちらの方がいいですか？","ItoJ",id-ID,ja-JP
"Saya ingin makan itu dan ini!","それもこれもどっち食べたい！","ItoJ",id-ID,ja-JP
"Dia tampan, baik hati, dan orang yang sangat baik.","彼はイケメンで、やさしくて、とてもすてきな人なんです。","ItoJ",id-ID,ja-JP
"Siapa orang itu?","あのかたはどなたですか？","ItoJ",id-ID,ja-JP
"Orang yang duduk di sebelah saya adalah Pak Sato.","わたしのとなりに座っている方がさとうさんです。","ItoJ",id-ID,ja-JP
"Minuman apa yang Anda inginkan? Aku akan membawanya","どの飲み物がいいですか？持ってきますよ。","ItoJ",id-ID,ja-JP
"Berapa banyak yang bisa kamu makan?","どのくらい食べられますか？","ItoJ",id-ID,ja-JP
"Saya ingin menjadi pilot dan terbang di langit.","パイロットになって、空をとびたいです。","ItoJ",id-ID,ja-JP
"Berhenti saat lampu lalu lintas berwarna merah.","信号が赤の時、止まってください。","ItoJ",id-ID,ja-JP
"Saya istirahat dan mendapat banyak teman baru.","ひっこしをして、新しい友達がたくさんできました。","ItoJ",id-ID,ja-JP
"Saya berencana untuk pergi ke pesta dengan teman-teman saya pada Sabtu malam.","土よう日の夜に友達とパーティーへ行く予定です。","ItoJ",id-ID,ja-JP
"Eri memiliki tiga burung.","エリちゃんは鳥を３羽飼っています。","ItoJ",id-ID,ja-JP
"Dari semua daging, saya paling suka ayam.","お肉の中でとり肉が１ばん好きです。","ItoJ",id-ID,ja-JP
"Ketika saya bepergian, saya mengambil banyak gambar.","旅行へ行ったら、たくさん写真をとります。","ItoJ",id-ID,ja-JP
"Tolong ambil apel dari pohon itu.","あの木になっているリンゴをとってください。","ItoJ",id-ID,ja-JP
"Kamu mau yang mana? ""Beri aku sapu tangan hitam itu.""","「どれがほしいの？」「あの黒いハンカチをください。」","ItoJ",id-ID,ja-JP
"Orang seperti apa yang ingin kamu nikahi?","どんな人と結婚したいですか？","ItoJ",id-ID,ja-JP
"Saya tidak punya apa pun yang ingin saya makan, jadi saya akan pergi ke toko lain.","食べたいものがないので、他の店へ行きます。","ItoJ",id-ID,ja-JP
"Saya menggunakan pisau dan garpu saya dengan terampil untuk memakan daging.","ナイフとフォークを上手に使って、肉を食べました。","ItoJ",id-ID,ja-JP
"Di dalam ruangan hangat, jadi saya tidak ingin keluar.","部屋の中はあたたかいので、外へ出たくありません。","ItoJ",id-ID,ja-JP
"Saya berlari sedotan panjang.","長いろうかを走った。","ItoJ",id-ID,ja-JP
"Malam musim panas penuh dengan serangga.","夏の夜は虫が鳴いています。","ItoJ",id-ID,ja-JP
"Ketika saya berbicara dengan bayi itu, dia menangis.","赤ちゃんに話しかけると、泣かれました。","ItoJ",id-ID,ja-JP
"Saya kehilangan ponsel saya di suatu tempat.","どこかで携帯電話をなくしてしまいました。","ItoJ",id-ID,ja-JP
"Mengapa Anda ingin bekerja di perusahaan ini?","なぜこの会社で働きたいんですか？","ItoJ",id-ID,ja-JP
"Dari semua musim, saya paling suka musim panas.","季節の中で夏が１ばん好きです。","ItoJ",id-ID,ja-JP
"Ke mana Anda pergi untuk liburan musim panas?","夏休みはどこへ遊びに行きましたか？","ItoJ",id-ID,ja-JP
"Saya suka binatang kecil seperti kelinci dan hamster.","うさぎやハムスターなどの小さい動物が好きです。","ItoJ",id-ID,ja-JP
"Saya membeli tujuh buah jeruk.","みかんを七つ買った。","ItoJ",id-ID,ja-JP
"Apa itu? ""Rotiku.""","「それはなんですか？」「わたしのパンです。」","ItoJ",id-ID,ja-JP
"7 Juli adalah Tanabata.","七月七日は七夕です。","ItoJ",id-ID,ja-JP
"Siapa nama anak Anda?","お子さんの名前はなんですか？","ItoJ",id-ID,ja-JP
"Ketika saya masih kecil, saya biasa belajar piano.","子どものとき、ピアノをならっていました。","ItoJ",id-ID,ja-JP
"Berbaris tepat di belakang orang di depan Anda.","前の人のすぐ後ろにならんでください。","ItoJ",id-ID,ja-JP
"Setelah dibersihkan, harap tata meja dengan rapi.","そうじの後で、机をきちんとならべてください。","ItoJ",id-ID,ja-JP
"Anda ingin menjadi orang seperti apa di masa depan?","将来どんな人になりたいですか？","ItoJ",id-ID,ja-JP
"Jam berapa kamu tidur? ""Aku tidur antara jam 10 dan 12.""","「何時にねますか？」「１０じから１２じの間にねます。」","ItoJ",id-ID,ja-JP
"Saya bisa makan apa saja, tapi saya tidak suka jamur.","だいたい何でも食べられますが、きのこは苦手です。","ItoJ",id-ID,ja-JP
"Tokyo adalah kota yang sibuk.","東京はにぎやかな町です。","ItoJ",id-ID,ja-JP
"Mana yang lebih murah, tukang daging atau supermarket?","肉屋とスーパーとどちらの方が安いですか。","ItoJ",id-ID,ja-JP
"Rumah kami berjarak 5 menit berjalan kaki dari pintu keluar barat stasiun.","うちは駅の西の出口から歩いて５分です。","ItoJ",id-ID,ja-JP
"Saya berencana untuk berkencan dengan pacar saya pada hari itu.","日よう日は恋人とデートをする予定です。","ItoJ",id-ID,ja-JP
"Bagaimana kehidupan di Jepang?","日本での生活はどうですか。","ItoJ",id-ID,ja-JP
"Haruskah kita membawa barang bawaan yang berat?","重い荷物を持ちましょうか。","ItoJ",id-ID,ja-JP
"Upacara masuk di Jepang adalah pada bulan April.","日本で入学式は４月です。","ItoJ",id-ID,ja-JP
"Saya menonton berita di TV setiap pagi.","毎朝テレビでニュースを見ています。","ItoJ",id-ID,ja-JP
"Saya ingin kolam di kebun saya.","庭にプールがほしいです。","ItoJ",id-ID,ja-JP
"Harap lepas sepatu Anda sebelum memasuki ruangan.","部屋に入る前にくつをぬいでください。","ItoJ",id-ID,ja-JP
"memakai dasi.","ネクタイをつけます。","ItoJ",id-ID,ja-JP
"Saya punya tiga kucing di rumah saya.","うちにねこが３びきいます。","ItoJ",id-ID,ja-JP
"Anda harus minum kopi saat mengantuk.","ねむいとき、コーヒーをのんだほうがいいです。","ItoJ",id-ID,ja-JP
"Saya akan tidur di larangan saya 23.","まいばん２３じにねます。","ItoJ",id-ID,ja-JP
"Saya ingin lima buku catatan baru.","あたらしいノートが５さつほしいです。","ItoJ",id-ID,ja-JP
"Saya ingin mendaki Fujisan di Jepang.","日本でふじさんにのぼりたいです。","ItoJ",id-ID,ja-JP
"Ini panas, jadi ayo minum yang banyak.","あついですから、のみものをたくさんじゅんびしましょう。","ItoJ",id-ID,ja-JP
"Minumlah minuman olahraga saat Anda masuk angin.","かぜをひいたとき、スポーツドリンクを飲んでください。","ItoJ",id-ID,ja-JP
"Ketika Anda naik bus, Anda harus mengambil tiket.","バスにのるとき、きっぷを取らなければなりません。","ItoJ",id-ID,ja-JP
"Ketika saya ingin mengupas, saya pergi ke Haisha.","はがいたいとき、はいしゃへいきます。","ItoJ",id-ID,ja-JP
"Kami mengadakan pesta di sekolah kemarin.","きのう、学校でパーティーをしました。","ItoJ",id-ID,ja-JP
"Maaf, Tuan Tanaka. ""Ya, ada apa?""","「田中さん、すみません。」「はい、なんですか。」","ItoJ",id-ID,ja-JP
"Sepedaku mogok pagi ini.","けさ、バイクがこわれてしまいました。","ItoJ",id-ID,ja-JP
"Dimana tupai?","はいざらはどこにありますか。","ItoJ",id-ID,ja-JP
"Silakan masuk.","どうぞ、入ってください。","ItoJ",id-ID,ja-JP
"Saya akan memposting kartu pos.","ポストにはがきを出します。","ItoJ",id-ID,ja-JP
"Hari ini hujan, jadi ayo pakai sepatu bot panjang.","今日は雨だったので、ながぐつをはきましょう。","ItoJ",id-ID,ja-JP
"Ada kucing kecil di dalamnya.","はこの中に小さいねこがいます。","ItoJ",id-ID,ja-JP
"Potong kertas dengan gunting.","ハサミで紙を切る。","ItoJ",id-ID,ja-JP
"Jembatan itu sangat indah.","あの橋はとてもきれいです。","ItoJ",id-ID,ja-JP
"Orang Jepang makan nasi dengan sumpit.","日本人ははしでごはんを食べます。","ItoJ",id-ID,ja-JP
"Kelas bahasa Jepang dimulai pukul 8.","日本語のクラスは８じに始まる。","ItoJ",id-ID,ja-JP
"Silakan lakukan hal berikut terlebih dahulu.","はじめにじこしょうかいをしてください。","ItoJ",id-ID,ja-JP
"Ketika saya berumur sepuluh tahun, saya pergi ke luar negeri untuk pertama kalinya.","１０さいのとき、はじめて海外へ行きました。","ItoJ",id-ID,ja-JP
"Seorang anak dan seekor anjing sedang berlari di taman.","公園で子どもと犬が走っている。","ItoJ",id-ID,ja-JP
"Aku pergi ke sekolah dengan bus.","バスで通学しています。","ItoJ",id-ID,ja-JP
"Harap berhati-hati untuk tidak melupakan paspor Anda.","パスポートを忘れないように気をつけてください。","ItoJ",id-ID,ja-JP
"Saya melakukan pekerjaan yang hanya bisa dilakukan dengan komputer.","パソコンだけでできる仕事をしています。","ItoJ",id-ID,ja-JP
"Mentega roti dan panggang sebelum makan.","パンにバターをぬって、焼いてから食べます。","ItoJ",id-ID,ja-JP
"Aku sudah dewasa sekarang.","はたちから大人です。","ItoJ",id-ID,ja-JP
"Saya bekerja dari jam 8 pagi sampai jam 5 sore.","午前８時から午後５時まではたらきます。","ItoJ",id-ID,ja-JP
"Saya punya delapan pena.","ペンを八本持っています。","ItoJ",id-ID,ja-JP
"Saya akan mengadakan pesta di rumah teman saya pada tanggal 20 Desember.","１２月２０日に友人の家でパーティをします。","ItoJ",id-ID,ja-JP
"Saya ingin mendekorasi kamar saya dengan bunga.","へやに花をかざりたいです。","ItoJ",id-ID,ja-JP
"Saya pergi ke rumah sakit karena hidung saya sakit.","鼻がいたいので、病院へ行きました。","ItoJ",id-ID,ja-JP
"Silakan berbicara dengan baik.","楽しい話をしてください。","ItoJ",id-ID,ja-JP
"Seberapa sering Anda berbicara dengan keluarga Anda di telepon?","どのくらい電話で家族と話しますか。","ItoJ",id-ID,ja-JP
"Ibu saya berumur 50 tahun.","わたしの母は５０才です。","ItoJ",id-ID,ja-JP
"Saya bangun pagi-pagi dan tidur lebih awal di malam hari.","わたしは朝早く起きて、夜早くねます。","ItoJ",id-ID,ja-JP
"Di musim semi, bunga sakura bermekaran.","春になると、さくらがさきます。","ItoJ",id-ID,ja-JP
"Ini akan baik-baik saja besok.","明日ははれでしょう。","ItoJ",id-ID,ja-JP
"Jika besok cerah, mengapa kita tidak makan siang di taman?","明日はれたら、公園でランチをしませんか。","ItoJ",id-ID,ja-JP
"Selamat malam, mari kita pergi ke karaoke bersama.","こんばんいっしょにカラオケへ行きましょう。","ItoJ",id-ID,ja-JP
"Saya makan roti setiap pagi.","毎朝パンを食べています。","ItoJ",id-ID,ja-JP
"Saya kembali ke satu negara setiap enam bulan.","半年に１ど国へ帰ります。","ItoJ",id-ID,ja-JP
"Lebih baik mencuci tangan lalu menyekanya dengan sapu tangan.","手を洗ってから、ハンカチでふいた方がいいです。","ItoJ",id-ID,ja-JP
"Bisakah Anda memberi tahu saya nomor telepon Anda?","電話番号を教えてくれませんか？","ItoJ",id-ID,ja-JP
"Apa yang Anda inginkan untuk makan malam?","ばんごはんは何がいいですか？","ItoJ",id-ID,ja-JP
"Koibito saya tampan, tulus, dan lucu.","わたしのこいびとはハンサムで、しんせつで、面白い人です。","ItoJ",id-ID,ja-JP
"Saya pergi ke Yokohama setengah tahun yang lalu.","半年前に横浜へ行きました。","ItoJ",id-ID,ja-JP
"Saya makan hamburger yang sangat besar di Amerika.","アメリカでとても大きいハンバーガーを食べました。","ItoJ",id-ID,ja-JP
"Teman saya dan saya berbagi makanan penutup yang menggiurkan menjadi dua.","おいしそうなデザートを友人と半分に分けて食べました。","ItoJ",id-ID,ja-JP
"Berbahaya bermain api.","火であそぶのはきけんです。","ItoJ",id-ID,ja-JP
"Tanggal berapa 5 Oktober? ""Hari itu adalah hari ulang tahun kakakku.""","「１０月５日は何の日ですか？」「その日はわたしの弟のたんじょうびです。」","ItoJ",id-ID,ja-JP
"Saya telah belajar piano sejak saya berusia 5 tahun.","５さいからピアノを習っています。","ItoJ",id-ID,ja-JP
"Jika Anda pergi 10km ke timur dari sini, Anda akan menemukan sebuah taman besar.","ここから東へ１０km行くと、大きな公園があります。","ItoJ",id-ID,ja-JP
"Tolong buka pintunya.","ドアを引いて開けてください。","ItoJ",id-ID,ja-JP
"Mana pandai bermain piano.","マナさんはピアノを弾くのが上手です。","ItoJ",id-ID,ja-JP
"Miki memiliki temperamen yang buruk.","ミキちゃんはせがひくいです。","ItoJ",id-ID,ja-JP
"Saya akan kembali ke Kankoku dengan pesawat.","ひこうきでかんこくへ帰ります。","ItoJ",id-ID,ja-JP
"Sekarang saya memiliki visa, saya bisa pergi ke Jepang kapan saja.","ビザをもらったので、いつでも日本へ行くことができます。","ItoJ",id-ID,ja-JP
"Saya menjadi gemuk setelah makan dua pizza setiap hari.","毎日ピザを２枚食べたら、太ってしまいました。","ItoJ",id-ID,ja-JP
"Saya mengambil pakaian saya dan pergi berkencan.","びじゅつかんでデートをしました。","ItoJ",id-ID,ja-JP
"Silakan belok kiri di tikungan berikutnya.","次のかどを左へ曲がってください。","ItoJ",id-ID,ja-JP
"Siapa orang itu? ""Aku tidak tahu, tapi dia cantik.""","「あの人はだれですか。」「知りませんが、きれいな人ですね。」","ItoJ",id-ID,ja-JP
"Saya ingin membeli satu buah jeruk mandarin.","みかんを一つ買いたいです。","ItoJ",id-ID,ja-JP
"Saya telah belajar bahasa Jepang selama sekitar satu bulan.","日本語を勉強して一月くらいです。","ItoJ",id-ID,ja-JP
"Di waktu luang saya, saya suka mengemudi sendiri.","ひまなとき、一人でドライブするのが好きです。","ItoJ",id-ID,ja-JP
"Adikku tidak punya pekerjaan, jadi dia bebas.","わたしの兄は仕事がないので、ひまです。","ItoJ",id-ID,ja-JP
"Nenek berusia 100 tahun.","おばあさんは１００才になりました。","ItoJ",id-ID,ja-JP
"Saya batuk, jadi saya pergi ke rumah sakit.","せきが出るので、病院へ行った。","ItoJ",id-ID,ja-JP
"Apa yang Anda lakukan ketika Anda sakit?","病気になったら、どうしますか。","ItoJ",id-ID,ja-JP
"Saya bisa menulis semua hiragana.","ひらがなが全部書けるようになりました。","ItoJ",id-ID,ja-JP
"Ayo jalan-jalan di hari yang hangat.","あたたかい昼の間に、さんぽしましょう。","ItoJ",id-ID,ja-JP
"Perusahaan saya ada di lantai lima gedung itu.","わたしの会社はあのビルの５かいです。","ItoJ",id-ID,ja-JP
"Makan siang selalu makan siang.","ひるごはんはいつもおべんとうです。","ItoJ",id-ID,ja-JP
"Rumah kami luas dan nyaman.","うちは広くて、べんりです。","ItoJ",id-ID,ja-JP
"Aku suka pink, jadi aku punya banyak baju pink.","ピンクが好きですから、ピンクの服が多いです。","ItoJ",id-ID,ja-JP
"Berapa Futonya?","ふうとうはいくらですか。","ItoJ",id-ID,ja-JP
"Saya ingin berenang di kolam renang di musim panas.","夏はプールで泳ぎたいです。","ItoJ",id-ID,ja-JP
"Saya makan steak saya dengan garpu dan pisau.","フォークとナイフでステーキを食べます。","ItoJ",id-ID,ja-JP
"Shuumatsu pergi ke toko pakaian bersama teman-temannya.","しゅうまつは友達と服屋へ行きます。","ItoJ",id-ID,ja-JP
"Saya membeli dua boneka binatang.","ぬいぐるみを二つ買った。","ItoJ",id-ID,ja-JP
"Saya tidak bisa makan babi.","ぶた肉が食べられない。","ItoJ",id-ID,ja-JP
"Saya melakukan perjalanan dengan ayah saya.","父と二人で旅行へ行った。","ItoJ",id-ID,ja-JP
"Saya tidak makan apapun selama dua hari.","二日間ずっと何も食べませんでした。","ItoJ",id-ID,ja-JP
"Gambarlah dengan pena tebal.","太いペンでえをかきます。","ItoJ",id-ID,ja-JP
"Saya tidak suka karena dingin di musim dingin.","冬はさむいのできらいです。","ItoJ",id-ID,ja-JP
"Saya kembali ke pedesaan untuk liburan musim dingin.","冬休みにいなかへ帰りました。","ItoJ",id-ID,ja-JP
"Salju turun banyak.","雪がたくさん降っています。","ItoJ",id-ID,ja-JP
"Rumah ini sudah tua tapi bagus.","この家は古いですが、すてきです。","ItoJ",id-ID,ja-JP
"Silakan lihat halaman 3 dari Kyokasho.","きょうかしょの３ページを見てください。","ItoJ",id-ID,ja-JP
"Aku tidak pandai menyanyi.","わたしはうたうのが下手です。","ItoJ",id-ID,ja-JP
"Mana yang lebih kamu suka, kasur atau futon?","ベッドとふとんとどちらの方が好きですか。","ItoJ",id-ID,ja-JP
"Apa yang Anda miliki di kamar Anda?","あなたのへやに何がありますか。","ItoJ",id-ID,ja-JP
"Silakan tinggalkan di samping.","その辺に置いておいてください。","ItoJ",id-ID,ja-JP
"Saya lupa pena saya.","ペンを忘れてしまいました。","ItoJ",id-ID,ja-JP
"Saya suka belajar bunka Jepang.","日本のぶんかを勉強するのが好きです。","ItoJ",id-ID,ja-JP
"Tokyo adalah kota yang nyaman.","とうきょうはべんりな町です。","ItoJ",id-ID,ja-JP
"Saya membeli topi merah yang lucu.","赤くてかわいいぼうしを買いました。","ItoJ",id-ID,ja-JP
"mana pulpennya?","ボールペンはどこにありますか？","ItoJ",id-ID,ja-JP
"Selain bahasa Jepang, bahasa apa lagi yang bisa kamu kuasai?","日本語のほかに、何語が話せますか？","ItoJ",id-ID,ja-JP
"Apa yang ada di saku Anda?","ポケットの中には何がありますか？","ItoJ",id-ID,ja-JP
"Saya ingin satu juta yen.","１００万円がほしいです。","ItoJ",id-ID,ja-JP
"Ada tulisan merah di sana.","赤いポストはあちらにあります。","ItoJ",id-ID,ja-JP
"Kanojo sangat kurus.","かのじょはとてもほそいです。","ItoJ",id-ID,ja-JP
"Itu tombol yang lucu. ""Terima kasih.""","「かわいいボタンですね。」「ありがとうございます。」","ItoJ",id-ID,ja-JP
"Saya ingin menginap di hotel yang mahal.","高いホテルにとまりたいです。","ItoJ",id-ID,ja-JP
"Saya membaca sekitar tiga buku sebulan.","１か月に３さつくらい本を読みます。","ItoJ",id-ID,ja-JP
"Saya ingin buku baru.","あたらしい本だながほしいです。","ItoJ",id-ID,ja-JP
"Hari ini sangat panas.","今日は本当にあついです。","ItoJ",id-ID,ja-JP
"Saya suka pergi ke toko buku.","本屋へ行くのが好きです。","ItoJ",id-ID,ja-JP
"Saya berlari sekitar 5 km setiap pagi.","毎朝５kmくらいはしっています。","ItoJ",id-ID,ja-JP
"Setiap minggu kami pergi berkencan.","毎週すいようびはデートへ行きます。","ItoJ",id-ID,ja-JP
"Saya mendapatkan mentimun pada hari pertama setiap bulan.","毎月１日におきゅうりょうをもらいます。","ItoJ",id-ID,ja-JP
"Saya bepergian ke Okinawa setiap bulan Agustus.","毎年８月におきなわへ旅行へ行きます。","ItoJ",id-ID,ja-JP
"Saya harus belajar setiap hari.","毎日勉強しなければなりません。","ItoJ",id-ID,ja-JP
"Saya menonton TV sekitar satu jam.","まいばん１時間くらいテレビを見ています。","ItoJ",id-ID,ja-JP
"Saya bertemu seorang teman di stasiun tiga hari yang lalu.","３日前に駅で友人に会いました。","ItoJ",id-ID,ja-JP
"Silakan belok kanan di jalan berikutnya.","次のしんごうを右にまがってください。","ItoJ",id-ID,ja-JP
"Saya tidak pandai memasak, jadi semuanya menjadi buruk.","わたしは料理が下手なので、なんでもまずくなります。","ItoJ",id-ID,ja-JP
"sampai jumpa besok.","また明日。","ItoJ",id-ID,ja-JP
"Saya hanya bisa membaca setengah katakana.","まだカタカナが半分しか読めません。","ItoJ",id-ID,ja-JP
"Apa hal yang paling populer di kota ini?","この町で１番ゆうめいなものはなんですか？","ItoJ",id-ID,ja-JP
"Saya menunggu sekitar satu jam, tetapi bus tidak pernah datang.","１時間くらい待ちましたが、バスは来ませんでした。","ItoJ",id-ID,ja-JP
"Langsung jalan ini.","この道をまっすぐ行ってください。","ItoJ",id-ID,ja-JP
"Panas, jadi mari kita buka jendelanya.","あついですから、まどを開けましょう。","ItoJ",id-ID,ja-JP
"Apel berwarna merah dan bulat.","りんごは赤くて丸いです。","ItoJ",id-ID,ja-JP
"Saya menerima 30.000 yen dari Otoshida.","おとしだまで３万円もらいました。","ItoJ",id-ID,ja-JP
"Ketika saya sedang membersihkan, saya membersihkan jendela.","おおそうじのとき、まどをきれいにみがきました。","ItoJ",id-ID,ja-JP
"Jeruk mandarin ini adalah jeruk mandarin paling enak di Jepang.","このみかんは日本で１番おいしいみかんです。","ItoJ",id-ID,ja-JP
"Pegang pena di tangan kanan Anda dan kertas di tangan kiri Anda.","右手でペンを持って、左手で紙を持ってください。","ItoJ",id-ID,ja-JP
"Lebih baik tidak makan banyak dalam waktu singkat.","短い時間でたくさんのものを食べない方がいいです。","ItoJ",id-ID,ja-JP
"Saya minum sekitar 2L air sehari.","１日に２Lくらい水を飲みます。","ItoJ",id-ID,ja-JP
"Toko di depan sekolah itu murah.","学校の前の店は安いです。","ItoJ",id-ID,ja-JP
"Tolong tunjukkan orang yang mengerjakan pekerjaan rumah.","しゅくだいをやった方は見せてください。","ItoJ",id-ID,ja-JP
"Jalan di depan stasiun lebar dan padat.","駅前の道は広くて人が多いです。","ItoJ",id-ID,ja-JP
"Hari ini adalah hari ketiga sejak saya mulai bekerja.","今日は仕事を始めて三日目です。","ItoJ",id-ID,ja-JP
"Ada tiga rumah.","しゅくだいは三つあります。","ItoJ",id-ID,ja-JP
"Selamat pagi semua.","みなさん、おはようございます。","ItoJ",id-ID,ja-JP
"Saya ingin tinggal di negara selatan.","南の国で生活したいです。","ItoJ",id-ID,ja-JP
"Saya sulit mendengar.","耳がわるいです。","ItoJ",id-ID,ja-JP
"Apa yang kamu tonton? ""Aku sedang bermain sepak bola.""","「何を見ていますか？」「サッカーのしあいです。」","ItoJ",id-ID,ja-JP
"Mari kita semua melakukan yang terbaik bersama-sama.","みんなでいっしょにがんばろう。","ItoJ",id-ID,ja-JP
"Kami akan mengadakan pertemuan online mulai jam 10 pagi pada tanggal 6 Maret.","三月六日の午前１０時からオンラインミーティングをします。","ItoJ",id-ID,ja-JP
"Ada cermin yang indah di sana.","向こうにきれいなかがみがあります。","ItoJ",id-ID,ja-JP
"Kanji itu sulit, tapi menyenangkan.","かんじはむずかしいですが、おもしろいです。","ItoJ",id-ID,ja-JP
"Ada enam kunci.","かぎが六つあります。","ItoJ",id-ID,ja-JP
"Semua anak memiliki penglihatan yang baik.","子どもはだれでも目がいいです。","ItoJ",id-ID,ja-JP
"Aku tidak bisa melihat apapun tanpa kacamataku.","めがねがないと、何もみえません。","ItoJ",id-ID,ja-JP
"Toko ini memiliki banyak item menu.","この店はメニューがとても多いです。","ItoJ",id-ID,ja-JP
"Aku tahu semua kanji sekarang.","もうかんじがぜんぶわかります。","ItoJ",id-ID,ja-JP
"Mokuyoubi adalah hari untuk membuang sampah.","もくようびはゴミを捨てる日です。","ItoJ",id-ID,ja-JP
"Halo. ""Halo. Kamu siapa?""","「もしもし。」「もしもし、どなたですか。」","ItoJ",id-ID,ja-JP
"Tentu saja, uang adalah hal yang baik.","もちろん、おかねもちはいいことだ。","ItoJ",id-ID,ja-JP
"apa yang kamu punya","何を持っていますか。","ItoJ",id-ID,ja-JP
"Harap pastikan untuk membawa paspor Anda besok.","明日はかならずパスポートを持っていってください。","ItoJ",id-ID,ja-JP
"Saya lupa membawa pulang.","しゅくだいを持って来るのをわすれました。","ItoJ",id-ID,ja-JP
"Saya ingin lebih banyak belajar bahasa Jepang.","もっと日本語を勉強したいです。","ItoJ",id-ID,ja-JP
"Kado Natal seperti apa yang kamu inginkan?","クリスマスプレゼントはどんなものがほしいですか？","ItoJ",id-ID,ja-JP
"Sekolah tutup jam 9 malam.","学校のもんは９じに閉まります。","ItoJ",id-ID,ja-JP
"Masalah ini terlalu sulit.","この問題はむずかしすぎます。","ItoJ",id-ID,ja-JP
"Saya membeli beberapa sosis di toko daging terdekat.","ちかくの肉屋でソーセージを買いました。","ItoJ",id-ID,ja-JP
"Yaoya adalah restoran yang menjual sayuran.","やおやとは、やさいをうる店のことです。","ItoJ",id-ID,ja-JP
"Saya memasak telur dan ham dan membuat telur ham.","たまごとハムをやいて、ハムエッグを作りました。","ItoJ",id-ID,ja-JP
"Saya membentak teman saya, ""Saya akan pergi ke Amerika untuk saat ini.""","「しょうらいアメリカへ行く」と友人とやくそくしました。","ItoJ",id-ID,ja-JP
"Mari kita makan apa saja, apakah itu daging atau sayuran.","肉でもやさいでも、なんでも食べましょう。","ItoJ",id-ID,ja-JP
"Masalah ini mudah.","この問題はやさしいです。","ItoJ",id-ID,ja-JP
"Kakek adalah orang yang baik hati.","おじいさんはやさしいひとです。","ItoJ",id-ID,ja-JP
"Supermarket ini membuat telur lebih mudah dimakan.","このスーパーはすいようびにたまごがやすくなります。","ItoJ",id-ID,ja-JP
"Apa yang Anda lakukan di hari libur?","休みの日は何をしますか？","ItoJ",id-ID,ja-JP
"Saya akan istirahat dari pekerjaan besok dan melakukan perjalanan.","明日はしごとを休んで、旅行へ行きます。","ItoJ",id-ID,ja-JP
"Ada delapan aturan penting.","大切なルールが八つあります。","ItoJ",id-ID,ja-JP
"Saya suka mendaki gunung pada hari libur saya.","休日に山にのぼるのが好きです。","ItoJ",id-ID,ja-JP
"Saya membersihkan toilet. ""Terima kasih!""","「トイレそうじやったよ。」「ありがとう！」","ItoJ",id-ID,ja-JP
"Laut di sore hari itu indah.","夕方の海はきれいです。","ItoJ",id-ID,ja-JP
"Saya membeli prangko di Japan Post.","ゆうびんきょくで切手を買います。","ItoJ",id-ID,ja-JP
"Apa yang kamu lakukan sekitar jam 10 tadi malam?","ゆうべ１０じごろ、何をしていましたか。","ItoJ",id-ID,ja-JP
"Tuan Fuji terkenal di Jepang.","日本はふじさんがゆうめいです。","ItoJ",id-ID,ja-JP
"Saljunya dingin, tapi indah.","雪がはつめたいですが、きれいです。","ItoJ",id-ID,ja-JP
"Saya melakukan yoga perlahan di pagi hari.","朝はゆっくりとヨガをします。","ItoJ",id-ID,ja-JP
"Akan ada acara di depan stasiun pada 8 Mei.","５月８日に駅前でイベントがあります。","ItoJ",id-ID,ja-JP
"Jam berapa kamu punya waktu luang?","なんようびならひまですか？","ItoJ",id-ID,ja-JP
"pakaian seperti apa yang kamu suka?","どんな洋服が好きですか？","ItoJ",id-ID,ja-JP
"Pada hari libur saya, saya sering pergi ke kafe bersama teman-teman saya.","休みの日はよく友人とカフェへ行きます。","ItoJ",id-ID,ja-JP
"Diperlukan foto dengan panjang 4 cm dan lebar 3 cm.","たて４cm、よこ３cmのしゃしんがひつようです。","ItoJ",id-ID,ja-JP
"Sesi belajar empat hari telah berakhir.","四日間の勉強会が終わりました。","ItoJ",id-ID,ja-JP
"Silakan beli empat tisu.","ティッシュを４つ買ってください。","ItoJ",id-ID,ja-JP
"Orang itu disebut guru.","あのかたは先生とよばれています。","ItoJ",id-ID,ja-JP
"Hobi saya adalah membaca buku bahasa Inggris.","しゅみは英語の本を読むことです。","ItoJ",id-ID,ja-JP
"Jam berapa Anda biasanya pergi tidur di malam hari?","夜いつも何時ごろねますか。","ItoJ",id-ID,ja-JP
"Sangat menyenangkan memberi hadiah karena mereka senang.","プレゼントをわたすと、よろこんでもらえるので楽しい。","ItoJ",id-ID,ja-JP
"Bayi itu rapuh.","赤ちゃんは体がよわい。","ItoJ",id-ID,ja-JP
"Ramen tinggi kalori.","ラーメンはカロリーが高い。","ItoJ",id-ID,ja-JP
"Bulan depan adalah hari ulang tahunku.","来月はわたしのたんじょうびです。","ItoJ",id-ID,ja-JP
"Liburan musim panas dimulai minggu depan.","来週から夏休みが始まる。","ItoJ",id-ID,ja-JP
"Saya ingin pindah ke toko tahun depan.","来年はとかいへひっこしたい。","ItoJ",id-ID,ja-JP
"Terkadang saya mendengarkan radio di malam hari.","時々夜にラジオを聞きます。","ItoJ",id-ID,ja-JP
"Saya berteman dengan Ryugakusei.","りゅうがくせいと友達になりました。","ItoJ",id-ID,ja-JP
"Aku ingin menjadi orang dewasa yang baik.","りっぱな大人になりたいです。","ItoJ",id-ID,ja-JP
"Ryoshin adalah orang yang sangat baik.","りょうしんはとてもすてきな人です。","ItoJ",id-ID,ja-JP
"Adikku pandai memasak.","姉は料理が上手です。","ItoJ",id-ID,ja-JP
"Apakah Anda bepergian ke suatu tempat baru-baru ini?","最近どこか旅行へ行きましたか？","ItoJ",id-ID,ja-JP
"Saya menanam pohon apel.","りんごの木を育てています。","ItoJ",id-ID,ja-JP
"Kembang api akan padam pada tengah malam.","０時になったら花火が上がります。","ItoJ",id-ID,ja-JP
"apa yang ada di dalam kulkas?","れいぞうこの中に何がありますか？","ItoJ",id-ID,ja-JP
"Jangan membuang tanda terima Anda.","レシートは捨てないでください。","ItoJ",id-ID,ja-JP
"Saya pergi ke restoran keluarga bersama keluarga saya.","家族とファミレスへ行った。","ItoJ",id-ID,ja-JP
"Saya berlatih bisbol sekitar satu jam setiap hari.","毎日１時間くらい野球の練習をしています。","ItoJ",id-ID,ja-JP
"Ayo pulang jam enam.","六時になったら帰りましょう。","ItoJ",id-ID,ja-JP
"Tolong cuci bajuku.","ワイシャツをせんたくしてください。","ItoJ",id-ID,ja-JP
"Saya lebih suka anggur putih daripada anggur merah.","赤ワインより白ワインの方が好きです。","ItoJ",id-ID,ja-JP
"Dia adalah penyanyi populer di kalangan anak muda saat ini.","彼は最近若い人に人気の歌手です。","ItoJ",id-ID,ja-JP
"Seberapa baik Anda memahami bahasa Jepang?","日本語がどのくらいわかりますか？","ItoJ",id-ID,ja-JP
"jangan lupakan aku","私のことを忘れないでください。","ItoJ",id-ID,ja-JP
"Saya sedang belajar bahasa Jepang.","わたくしは日本語を勉強しております。","ItoJ",id-ID,ja-JP
"Nama saya Tanaka.","わたしのなまえは田中です。","ItoJ",id-ID,ja-JP
"Bisakah Anda memberikan ini kepada Tuan Saito?","これをさいとうさんに渡してくれませんか？","ItoJ",id-ID,ja-JP
"Anda bisa pergi ke luar negeri dengan melintasi jembatan ini.","この橋をわたると外国に行けます。","ItoJ",id-ID,ja-JP
"Emi banyak tersenyum.","エミさんはよく笑います。","ItoJ",id-ID,ja-JP
"Berhentilah bermain dengan orang jahat.","悪い人と遊ぶのはやめましょう。","ItoJ",id-ID,ja-JP